"pollscore","pct","pollster","answer","end_date","sample_size","transparency_score"
-0.3,49,"Morning Consult","Harris","10/15/24",653,3
-0.3,48,"Morning Consult","Trump","10/15/24",653,3
-0.3,48,"Morning Consult","Harris","10/15/24",1002,3
-0.3,49,"Morning Consult","Trump","10/15/24",1002,3
-0.3,64,"Morning Consult","Harris","10/15/24",490,3
-0.3,31,"Morning Consult","Trump","10/15/24",490,3
-0.3,49,"Morning Consult","Harris","10/15/24",1065,3
-0.3,47,"Morning Consult","Trump","10/15/24",1065,3
-0.3,49,"Morning Consult","Harris","10/15/24",496,3
-0.3,45,"Morning Consult","Trump","10/15/24",496,3
-0.3,48,"Morning Consult","Harris","10/15/24",1072,3
-0.3,49,"Morning Consult","Trump","10/15/24",1072,3
-0.3,45,"Morning Consult","Harris","10/15/24",1243,3
-0.3,52,"Morning Consult","Trump","10/15/24",1243,3
-0.3,49,"Morning Consult","Harris","10/15/24",1395,3
-0.3,48,"Morning Consult","Trump","10/15/24",1395,3
-0.3,46,"Morning Consult","Harris","10/15/24",2048,3
-0.3,50,"Morning Consult","Trump","10/15/24",2048,3
-0.3,47,"Morning Consult","Harris","10/15/24",527,3
-0.3,48,"Morning Consult","Trump","10/15/24",527,3
-0.3,50,"Morning Consult","Harris","10/13/24",8647,3
-0.3,46,"Morning Consult","Trump","10/13/24",8647,3
-0.3,50,"Morning Consult","Harris","10/12/24",8901,3
-0.3,46,"Morning Consult","Trump","10/12/24",8901,3
-0.3,50,"Morning Consult","Harris","10/11/24",8902,3
-0.3,46,"Morning Consult","Trump","10/11/24",8902,3
-0.3,50,"Morning Consult","Harris","10/10/24",9556,3
-0.3,46,"Morning Consult","Trump","10/10/24",9556,3
-0.3,50,"Morning Consult","Harris","10/9/24",10188,3
-0.3,46,"Morning Consult","Trump","10/9/24",10188,3
-0.3,50,"Morning Consult","Harris","10/8/24",10812,3
-0.3,46,"Morning Consult","Trump","10/8/24",10812,3
-0.3,51,"Morning Consult","Harris","10/7/24",11739,3
-0.3,45,"Morning Consult","Trump","10/7/24",11739,3
-0.3,51,"Morning Consult","Harris","10/6/24",11353,3
-0.3,46,"Morning Consult","Trump","10/6/24",11353,3
-0.3,51,"Morning Consult","Harris","10/5/24",10844,3
-0.3,45,"Morning Consult","Trump","10/5/24",10844,3
-0.3,51,"Morning Consult","Harris","10/4/24",10454,3
-0.3,45,"Morning Consult","Trump","10/4/24",10454,3
-0.3,50,"Morning Consult","Harris","10/3/24",10775,3
-0.3,45,"Morning Consult","Trump","10/3/24",10775,3
-0.3,50,"Morning Consult","Harris","10/2/24",11085,3
-0.3,45,"Morning Consult","Trump","10/2/24",11085,3
-0.3,50,"Morning Consult","Harris","10/1/24",11274,3
-0.3,46,"Morning Consult","Trump","10/1/24",11274,3
-0.3,50,"Morning Consult","Harris","9/30/24",11568,3
-0.3,46,"Morning Consult","Trump","9/30/24",11568,3
-0.3,51,"Morning Consult","Harris","9/29/24",11381,3
-0.3,46,"Morning Consult","Trump","9/29/24",11381,3
-0.3,50,"Morning Consult","Harris","9/28/24",11289,3
-0.3,45,"Morning Consult","Trump","9/28/24",11289,3
-0.3,50,"Morning Consult","Harris","9/27/24",11003,3
-0.3,45,"Morning Consult","Trump","9/27/24",11003,3
-0.3,50,"Morning Consult","Harris","9/26/24",11155,3
-0.3,45,"Morning Consult","Trump","9/26/24",11155,3
-0.3,51,"Morning Consult","Harris","9/25/24",10966,3
-0.3,45,"Morning Consult","Trump","9/25/24",10966,3
-0.3,49,"Morning Consult","Harris","9/25/24",977,3
-0.3,46,"Morning Consult","Trump","9/25/24",977,3
-0.3,1,"Morning Consult","Stein","9/25/24",977,3
-0.3,2,"Morning Consult","Oliver","9/25/24",977,3
-0.3,50,"Morning Consult","Harris","9/25/24",977,3
-0.3,47,"Morning Consult","Trump","9/25/24",977,3
-0.3,49,"Morning Consult","Harris","9/25/24",926,3
-0.3,46,"Morning Consult","Trump","9/25/24",926,3
-0.3,1,"Morning Consult","Stein","9/25/24",926,3
-0.3,2,"Morning Consult","Oliver","9/25/24",926,3
-0.3,50,"Morning Consult","Harris","9/25/24",926,3
-0.3,47,"Morning Consult","Trump","9/25/24",926,3
-0.3,48,"Morning Consult","Harris","9/25/24",989,3
-0.3,47,"Morning Consult","Trump","9/25/24",989,3
-0.3,0,"Morning Consult","Stein","9/25/24",989,3
-0.3,3,"Morning Consult","Oliver","9/25/24",989,3
-0.3,48,"Morning Consult","Harris","9/25/24",989,3
-0.3,47,"Morning Consult","Trump","9/25/24",989,3
-0.3,48,"Morning Consult","Harris","9/25/24",913,3
-0.3,48,"Morning Consult","Trump","9/25/24",913,3
-0.3,0,"Morning Consult","Stein","9/25/24",913,3
-0.3,2,"Morning Consult","Oliver","9/25/24",913,3
-0.3,49,"Morning Consult","Harris","9/25/24",913,3
-0.3,49,"Morning Consult","Trump","9/25/24",913,3
-0.3,49,"Morning Consult","Harris","9/25/24",894,3
-0.3,45,"Morning Consult","Trump","9/25/24",894,3
-0.3,1,"Morning Consult","Stein","9/25/24",894,3
-0.3,2,"Morning Consult","Oliver","9/25/24",894,3
-0.3,49,"Morning Consult","Harris","9/25/24",894,3
-0.3,47,"Morning Consult","Trump","9/25/24",894,3
-0.3,50,"Morning Consult","Harris","9/25/24",800,3
-0.3,46,"Morning Consult","Trump","9/25/24",800,3
-0.3,1,"Morning Consult","Stein","9/25/24",800,3
-0.3,1,"Morning Consult","Oliver","9/25/24",800,3
-0.3,50,"Morning Consult","Harris","9/25/24",800,3
-0.3,47,"Morning Consult","Trump","9/25/24",800,3
-0.3,46,"Morning Consult","Harris","9/25/24",574,3
-0.3,44,"Morning Consult","Trump","9/25/24",574,3
-0.3,3,"Morning Consult","Stein","9/25/24",574,3
-0.3,4,"Morning Consult","Oliver","9/25/24",574,3
-0.3,49,"Morning Consult","Harris","9/25/24",574,3
-0.3,45,"Morning Consult","Trump","9/25/24",574,3
-0.3,50,"Morning Consult","Harris","9/25/24",516,3
-0.3,44,"Morning Consult","Trump","9/25/24",516,3
-0.3,2,"Morning Consult","Stein","9/25/24",516,3
-0.3,2,"Morning Consult","Oliver","9/25/24",516,3
-0.3,52,"Morning Consult","Harris","9/25/24",516,3
-0.3,45,"Morning Consult","Trump","9/25/24",516,3
-0.3,48,"Morning Consult","Harris","9/25/24",889,3
-0.3,46,"Morning Consult","Trump","9/25/24",889,3
-0.3,1,"Morning Consult","Stein","9/25/24",889,3
-0.3,3,"Morning Consult","Oliver","9/25/24",889,3
-0.3,50,"Morning Consult","Harris","9/25/24",889,3
-0.3,47,"Morning Consult","Trump","9/25/24",889,3
-0.3,49,"Morning Consult","Harris","9/25/24",828,3
-0.3,47,"Morning Consult","Trump","9/25/24",828,3
-0.3,0,"Morning Consult","Stein","9/25/24",828,3
-0.3,2,"Morning Consult","Oliver","9/25/24",828,3
-0.3,50,"Morning Consult","Harris","9/25/24",828,3
-0.3,48,"Morning Consult","Trump","9/25/24",828,3
-0.3,50,"Morning Consult","Harris","9/25/24",993,3
-0.3,44,"Morning Consult","Trump","9/25/24",993,3
-0.3,0,"Morning Consult","Stein","9/25/24",993,3
-0.3,4,"Morning Consult","Oliver","9/25/24",993,3
-0.3,49,"Morning Consult","Harris","9/25/24",993,3
-0.3,46,"Morning Consult","Trump","9/25/24",993,3
-0.3,51,"Morning Consult","Harris","9/25/24",924,3
-0.3,45,"Morning Consult","Trump","9/25/24",924,3
-0.3,0,"Morning Consult","Stein","9/25/24",924,3
-0.3,3,"Morning Consult","Oliver","9/25/24",924,3
-0.3,51,"Morning Consult","Harris","9/25/24",924,3
-0.3,46,"Morning Consult","Trump","9/25/24",924,3
-0.3,49,"Morning Consult","Harris","9/25/24",849,3
-0.3,47,"Morning Consult","Trump","9/25/24",849,3
-0.3,1,"Morning Consult","Stein","9/25/24",849,3
-0.3,2,"Morning Consult","Oliver","9/25/24",849,3
-0.3,50,"Morning Consult","Harris","9/25/24",849,3
-0.3,48,"Morning Consult","Trump","9/25/24",849,3
-0.3,50,"Morning Consult","Harris","9/25/24",785,3
-0.3,47,"Morning Consult","Trump","9/25/24",785,3
-0.3,0,"Morning Consult","Stein","9/25/24",785,3
-0.3,1,"Morning Consult","Oliver","9/25/24",785,3
-0.3,51,"Morning Consult","Harris","9/25/24",785,3
-0.3,48,"Morning Consult","Trump","9/25/24",785,3
-0.3,51,"Morning Consult","Harris","9/24/24",11167,3
-0.3,45,"Morning Consult","Trump","9/24/24",11167,3
-0.3,51,"Morning Consult","Harris","9/23/24",11157,3
-0.3,45,"Morning Consult","Trump","9/23/24",11157,3
-0.3,50,"Morning Consult","Harris","9/22/24",11057,3
-0.3,45,"Morning Consult","Trump","9/22/24",11057,3
-0.3,50,"Morning Consult","Harris","9/21/24",10840,3
-0.3,45,"Morning Consult","Trump","9/21/24",10840,3
-0.3,49,"Morning Consult","Harris","9/20/24",10539,3
-0.3,46,"Morning Consult","Trump","9/20/24",10539,3
-0.3,50,"Morning Consult","Harris","9/19/24",10528,3
-0.3,46,"Morning Consult","Trump","9/19/24",10528,3
-0.3,50,"Morning Consult","Harris","9/18/24",10578,3
-0.3,46,"Morning Consult","Trump","9/18/24",10578,3
-0.3,48.37,"Morning Consult","Harris","9/18/24",862,3
-0.3,47.35,"Morning Consult","Trump","9/18/24",862,3
-0.3,46.8,"Morning Consult","Harris","9/18/24",2948,3
-0.3,49.52,"Morning Consult","Trump","9/18/24",2948,3
-0.3,61.41,"Morning Consult","Harris","9/18/24",578,3
-0.3,33.04,"Morning Consult","Trump","9/18/24",578,3
-0.3,51.97,"Morning Consult","Harris","9/18/24",1297,3
-0.3,44.46,"Morning Consult","Trump","9/18/24",1297,3
-0.3,50.87,"Morning Consult","Harris","9/18/24",474,3
-0.3,46.53,"Morning Consult","Trump","9/18/24",474,3
-0.3,43.02,"Morning Consult","Harris","9/18/24",1488,3
-0.3,52.16,"Morning Consult","Trump","9/18/24",1488,3
-0.3,48.74,"Morning Consult","Harris","9/18/24",1756,3
-0.3,46.7,"Morning Consult","Trump","9/18/24",1756,3
-0.3,45.77,"Morning Consult","Harris","9/18/24",2716,3
-0.3,49.58,"Morning Consult","Trump","9/18/24",2716,3
-0.3,50.22,"Morning Consult","Harris","9/18/24",600,3
-0.3,44.3,"Morning Consult","Trump","9/18/24",600,3
-0.3,49.33,"Morning Consult","Harris","9/18/24",1314,3
-0.3,47.16,"Morning Consult","Trump","9/18/24",1314,3
-0.3,52.5,"Morning Consult","Harris","9/18/24",512,3
-0.3,42.42,"Morning Consult","Trump","9/18/24",512,3
-0.3,47.68,"Morning Consult","Harris","9/18/24",1347,3
-0.3,48.63,"Morning Consult","Trump","9/18/24",1347,3
-0.3,49.56,"Morning Consult","Harris","9/18/24",517,3
-0.3,43,"Morning Consult","Trump","9/18/24",517,3
-0.3,50.76,"Morning Consult","Harris","9/18/24",899,3
-0.3,44.44,"Morning Consult","Trump","9/18/24",899,3
-0.3,50,"Morning Consult","Harris","9/17/24",10968,3
-0.3,45,"Morning Consult","Trump","9/17/24",10968,3
-0.3,50,"Morning Consult","Harris","9/16/24",11092,3
-0.3,45,"Morning Consult","Trump","9/16/24",11092,3
-0.3,51,"Morning Consult","Harris","9/15/24",11022,3
-0.3,45,"Morning Consult","Trump","9/15/24",11022,3
-0.3,50,"Morning Consult","Harris","9/14/24",10868,3
-0.3,45,"Morning Consult","Trump","9/14/24",10868,3
-0.3,50,"Morning Consult","Harris","9/13/24",10270,3
-0.3,45,"Morning Consult","Trump","9/13/24",10270,3
-0.3,50,"Morning Consult","Harris","9/12/24",10100,3
-0.3,45,"Morning Consult","Trump","9/12/24",10100,3
-0.3,50,"Morning Consult","Harris","9/11/24",3317,3
-0.3,45,"Morning Consult","Trump","9/11/24",3317,3
-0.3,50,"Morning Consult","Harris","9/11/24",9889,3
-0.3,46,"Morning Consult","Trump","9/11/24",9889,3
-0.3,50,"Morning Consult","Harris","9/10/24",3204,3
-0.3,46,"Morning Consult","Trump","9/10/24",3204,3
-0.3,50,"Morning Consult","Harris","9/10/24",10482,3
-0.3,46,"Morning Consult","Trump","9/10/24",10482,3
-0.3,49,"Morning Consult","Harris","9/9/24",10884,3
-0.3,46,"Morning Consult","Trump","9/9/24",10884,3
-0.3,49,"Morning Consult","Harris","9/8/24",10607,3
-0.3,46,"Morning Consult","Trump","9/8/24",10607,3
-0.3,46.89,"Morning Consult","Harris","9/8/24",901,3
-0.3,49.05,"Morning Consult","Trump","9/8/24",901,3
-0.3,47.05,"Morning Consult","Harris","9/8/24",3182,3
-0.3,49.12,"Morning Consult","Trump","9/8/24",3182,3
-0.3,62.23,"Morning Consult","Harris","9/8/24",640,3
-0.3,34.13,"Morning Consult","Trump","9/8/24",640,3
-0.3,49.19,"Morning Consult","Harris","9/8/24",1368,3
-0.3,46.12,"Morning Consult","Trump","9/8/24",1368,3
-0.3,47.58,"Morning Consult","Harris","9/8/24",516,3
-0.3,48.45,"Morning Consult","Trump","9/8/24",516,3
-0.3,43.58,"Morning Consult","Harris","9/8/24",1558,3
-0.3,51.92,"Morning Consult","Trump","9/8/24",1558,3
-0.3,49.34,"Morning Consult","Harris","9/8/24",1910,3
-0.3,46.34,"Morning Consult","Trump","9/8/24",1910,3
-0.3,43.43,"Morning Consult","Harris","9/8/24",2940,3
-0.3,51.75,"Morning Consult","Trump","9/8/24",2940,3
-0.3,49.48,"Morning Consult","Harris","9/8/24",638,3
-0.3,46.19,"Morning Consult","Trump","9/8/24",638,3
-0.3,48.22,"Morning Consult","Harris","9/8/24",1369,3
-0.3,47.82,"Morning Consult","Trump","9/8/24",1369,3
-0.3,54.8,"Morning Consult","Harris","9/8/24",498,3
-0.3,40.08,"Morning Consult","Trump","9/8/24",498,3
-0.3,48.39,"Morning Consult","Harris","9/8/24",1405,3
-0.3,47.51,"Morning Consult","Trump","9/8/24",1405,3
-0.3,50.92,"Morning Consult","Harris","9/8/24",501,3
-0.3,44.28,"Morning Consult","Trump","9/8/24",501,3
-0.3,51.97,"Morning Consult","Harris","9/8/24",873,3
-0.3,42.24,"Morning Consult","Trump","9/8/24",873,3
-0.3,49,"Morning Consult","Harris","9/7/24",10145,3
-0.3,46,"Morning Consult","Trump","9/7/24",10145,3
-0.3,49,"Morning Consult","Harris","9/6/24",10014,3
-0.3,46,"Morning Consult","Trump","9/6/24",10014,3
-0.3,49,"Morning Consult","Harris","9/5/24",10862,3
-0.3,46,"Morning Consult","Trump","9/5/24",10862,3
-0.3,49,"Morning Consult","Harris","9/4/24",11414,3
-0.3,46,"Morning Consult","Trump","9/4/24",11414,3
-0.3,48,"Morning Consult","Harris","9/3/24",4000,3
-0.3,45,"Morning Consult","Trump","9/3/24",4000,3
-0.3,50,"Morning Consult","Harris","9/3/24",11928,3
-0.3,46,"Morning Consult","Trump","9/3/24",11928,3
-0.3,48,"Morning Consult","Harris","9/2/24",4000,3
-0.3,45,"Morning Consult","Trump","9/2/24",4000,3
-0.3,50,"Morning Consult","Harris","9/2/24",12084,3
-0.3,45,"Morning Consult","Trump","9/2/24",12084,3
-0.3,48,"Morning Consult","Harris","9/1/24",4000,3
-0.3,45,"Morning Consult","Trump","9/1/24",4000,3
-0.3,50,"Morning Consult","Harris","9/1/24",11919,3
-0.3,45,"Morning Consult","Trump","9/1/24",11919,3
-0.3,48,"Morning Consult","Harris","8/31/24",4000,3
-0.3,45,"Morning Consult","Trump","8/31/24",4000,3
-0.3,50,"Morning Consult","Harris","8/31/24",11495,3
-0.3,46,"Morning Consult","Trump","8/31/24",11495,3
-0.3,48,"Morning Consult","Harris","8/30/24",4000,3
-0.3,45,"Morning Consult","Trump","8/30/24",4000,3
-0.3,49,"Morning Consult","Harris","8/30/24",11214,3
-0.3,46,"Morning Consult","Trump","8/30/24",11214,3
-0.3,48,"Morning Consult","Harris","8/29/24",4000,3
-0.3,45,"Morning Consult","Trump","8/29/24",4000,3
-0.3,49,"Morning Consult","Harris","8/29/24",10875,3
-0.3,46,"Morning Consult","Trump","8/29/24",10875,3
-0.3,48,"Morning Consult","Harris","8/28/24",4000,3
-0.3,45,"Morning Consult","Trump","8/28/24",4000,3
-0.3,49,"Morning Consult","Harris","8/28/24",10673,3
-0.3,46,"Morning Consult","Trump","8/28/24",10673,3
-0.3,48,"Morning Consult","Harris","8/27/24",4000,3
-0.3,44,"Morning Consult","Trump","8/27/24",4000,3
-0.3,49,"Morning Consult","Harris","8/27/24",7148,3
-0.3,45,"Morning Consult","Trump","8/27/24",7148,3
-0.3,49,"Morning Consult","Harris","8/27/24",805,3
-0.3,47,"Morning Consult","Trump","8/27/24",805,3
-0.3,0,"Morning Consult","Stein","8/27/24",805,3
-0.3,2,"Morning Consult","Oliver","8/27/24",805,3
-0.3,48,"Morning Consult","Harris","8/27/24",805,3
-0.3,48,"Morning Consult","Trump","8/27/24",805,3
-0.3,49,"Morning Consult","Harris","8/27/24",776,3
-0.3,47,"Morning Consult","Trump","8/27/24",776,3
-0.3,0,"Morning Consult","Stein","8/27/24",776,3
-0.3,2,"Morning Consult","Oliver","8/27/24",776,3
-0.3,48,"Morning Consult","Harris","8/27/24",776,3
-0.3,48,"Morning Consult","Trump","8/27/24",776,3
-0.3,48,"Morning Consult","Harris","8/26/24",4000,3
-0.3,44,"Morning Consult","Trump","8/26/24",4000,3
-0.3,50,"Morning Consult","Harris","8/26/24",7119,3
-0.3,45,"Morning Consult","Trump","8/26/24",7119,3
-0.3,47,"Morning Consult","Harris","8/26/24",801,3
-0.3,46,"Morning Consult","Trump","8/26/24",801,3
-0.3,1,"Morning Consult","Stein","8/26/24",801,3
-0.3,4,"Morning Consult","Oliver","8/26/24",801,3
-0.3,49,"Morning Consult","Harris","8/26/24",801,3
-0.3,47,"Morning Consult","Trump","8/26/24",801,3
-0.3,48,"Morning Consult","Harris","8/26/24",737,3
-0.3,46,"Morning Consult","Trump","8/26/24",737,3
-0.3,1,"Morning Consult","Stein","8/26/24",737,3
-0.3,3,"Morning Consult","Oliver","8/26/24",737,3
-0.3,50,"Morning Consult","Harris","8/26/24",737,3
-0.3,47,"Morning Consult","Trump","8/26/24",737,3
-0.3,48,"Morning Consult","Harris","8/26/24",702,3
-0.3,46,"Morning Consult","Trump","8/26/24",702,3
-0.3,1,"Morning Consult","Stein","8/26/24",702,3
-0.3,2,"Morning Consult","Oliver","8/26/24",702,3
-0.3,49,"Morning Consult","Harris","8/26/24",702,3
-0.3,46,"Morning Consult","Trump","8/26/24",702,3
-0.3,49,"Morning Consult","Harris","8/26/24",651,3
-0.3,47,"Morning Consult","Trump","8/26/24",651,3
-0.3,0,"Morning Consult","Stein","8/26/24",651,3
-0.3,2,"Morning Consult","Oliver","8/26/24",651,3
-0.3,49,"Morning Consult","Harris","8/26/24",651,3
-0.3,47,"Morning Consult","Trump","8/26/24",651,3
-0.3,48,"Morning Consult","Harris","8/26/24",450,3
-0.3,45,"Morning Consult","Trump","8/26/24",450,3
-0.3,2,"Morning Consult","Stein","8/26/24",450,3
-0.3,4,"Morning Consult","Oliver","8/26/24",450,3
-0.3,49,"Morning Consult","Harris","8/26/24",450,3
-0.3,45,"Morning Consult","Trump","8/26/24",450,3
-0.3,48,"Morning Consult","Harris","8/26/24",416,3
-0.3,46,"Morning Consult","Trump","8/26/24",416,3
-0.3,2,"Morning Consult","Stein","8/26/24",416,3
-0.3,3,"Morning Consult","Oliver","8/26/24",416,3
-0.3,50,"Morning Consult","Harris","8/26/24",416,3
-0.3,46,"Morning Consult","Trump","8/26/24",416,3
-0.3,48,"Morning Consult","Harris","8/26/24",700,3
-0.3,47,"Morning Consult","Trump","8/26/24",700,3
-0.3,1,"Morning Consult","Stein","8/26/24",700,3
-0.3,2,"Morning Consult","Oliver","8/26/24",700,3
-0.3,49,"Morning Consult","Harris","8/26/24",700,3
-0.3,47,"Morning Consult","Trump","8/26/24",700,3
-0.3,48,"Morning Consult","Harris","8/26/24",645,3
-0.3,48,"Morning Consult","Trump","8/26/24",645,3
-0.3,1,"Morning Consult","Stein","8/26/24",645,3
-0.3,2,"Morning Consult","Oliver","8/26/24",645,3
-0.3,49,"Morning Consult","Harris","8/26/24",645,3
-0.3,49,"Morning Consult","Trump","8/26/24",645,3
-0.3,51,"Morning Consult","Harris","8/26/24",803,3
-0.3,45,"Morning Consult","Trump","8/26/24",803,3
-0.3,1,"Morning Consult","Stein","8/26/24",803,3
-0.3,2,"Morning Consult","Oliver","8/26/24",803,3
-0.3,51,"Morning Consult","Harris","8/26/24",803,3
-0.3,47,"Morning Consult","Trump","8/26/24",803,3
-0.3,51,"Morning Consult","Harris","8/26/24",758,3
-0.3,46,"Morning Consult","Trump","8/26/24",758,3
-0.3,1,"Morning Consult","Stein","8/26/24",758,3
-0.3,1,"Morning Consult","Oliver","8/26/24",758,3
-0.3,51,"Morning Consult","Harris","8/26/24",758,3
-0.3,48,"Morning Consult","Trump","8/26/24",758,3
-0.3,51,"Morning Consult","Harris","8/26/24",701,3
-0.3,44,"Morning Consult","Trump","8/26/24",701,3
-0.3,1,"Morning Consult","Stein","8/26/24",701,3
-0.3,1,"Morning Consult","Oliver","8/26/24",701,3
-0.3,52,"Morning Consult","Harris","8/26/24",701,3
-0.3,44,"Morning Consult","Trump","8/26/24",701,3
-0.3,52,"Morning Consult","Harris","8/26/24",648,3
-0.3,44,"Morning Consult","Trump","8/26/24",648,3
-0.3,1,"Morning Consult","Stein","8/26/24",648,3
-0.3,1,"Morning Consult","Oliver","8/26/24",648,3
-0.3,53,"Morning Consult","Harris","8/26/24",648,3
-0.3,44,"Morning Consult","Trump","8/26/24",648,3
-0.3,48,"Morning Consult","Harris","8/25/24",7818,3
-0.3,44,"Morning Consult","Trump","8/25/24",7818,3
-0.3,50,"Morning Consult","Harris","8/25/24",6905,3
-0.3,45,"Morning Consult","Trump","8/25/24",6905,3
-0.3,48,"Morning Consult","Harris","8/24/24",4000,3
-0.3,44,"Morning Consult","Trump","8/24/24",4000,3
-0.3,50,"Morning Consult","Harris","8/24/24",9963,3
-0.3,45,"Morning Consult","Trump","8/24/24",9963,3
-0.3,48,"Morning Consult","Harris","8/23/24",4000,3
-0.3,44,"Morning Consult","Trump","8/23/24",4000,3
-0.3,50,"Morning Consult","Harris","8/23/24",9845,3
-0.3,45,"Morning Consult","Trump","8/23/24",9845,3
-0.3,48,"Morning Consult","Harris","8/22/24",4000,3
-0.3,44,"Morning Consult","Trump","8/22/24",4000,3
-0.3,50,"Morning Consult","Harris","8/22/24",9801,3
-0.3,45,"Morning Consult","Trump","8/22/24",9801,3
-0.3,48,"Morning Consult","Harris","8/21/24",4000,3
-0.3,45,"Morning Consult","Trump","8/21/24",4000,3
-0.3,49,"Morning Consult","Harris","8/21/24",9928,3
-0.3,46,"Morning Consult","Trump","8/21/24",9928,3
-0.3,47,"Morning Consult","Harris","8/20/24",4000,3
-0.3,45,"Morning Consult","Trump","8/20/24",4000,3
-0.3,49,"Morning Consult","Harris","8/20/24",10142,3
-0.3,46,"Morning Consult","Trump","8/20/24",10142,3
-0.3,47,"Morning Consult","Harris","8/19/24",4000,3
-0.3,44,"Morning Consult","Trump","8/19/24",4000,3
-0.3,49,"Morning Consult","Harris","8/19/24",10527,3
-0.3,45,"Morning Consult","Trump","8/19/24",10527,3
-0.3,48,"Morning Consult","Harris","8/18/24",11528,3
-0.3,44,"Morning Consult","Trump","8/18/24",11528,3
-0.3,49,"Morning Consult","Harris","8/18/24",10195,3
-0.3,45,"Morning Consult","Trump","8/18/24",10195,3
-0.3,48,"Morning Consult","Harris","8/17/24",4000,3
-0.3,44,"Morning Consult","Trump","8/17/24",4000,3
-0.3,49,"Morning Consult","Harris","8/17/24",9354,3
-0.3,45,"Morning Consult","Trump","8/17/24",9354,3
-0.3,48,"Morning Consult","Harris","8/16/24",4000,3
-0.3,44,"Morning Consult","Trump","8/16/24",4000,3
-0.3,50,"Morning Consult","Harris","8/16/24",9132,3
-0.3,45,"Morning Consult","Trump","8/16/24",9132,3
-0.3,48,"Morning Consult","Harris","8/15/24",4000,3
-0.3,44,"Morning Consult","Trump","8/15/24",4000,3
-0.3,49,"Morning Consult","Harris","8/15/24",9636,3
-0.3,45,"Morning Consult","Trump","8/15/24",9636,3
-0.3,47,"Morning Consult","Harris","8/14/24",4000,3
-0.3,44,"Morning Consult","Trump","8/14/24",4000,3
-0.3,49,"Morning Consult","Harris","8/14/24",9920,3
-0.3,45,"Morning Consult","Trump","8/14/24",9920,3
-0.3,47,"Morning Consult","Harris","8/13/24",4000,3
-0.3,45,"Morning Consult","Trump","8/13/24",4000,3
-0.3,49,"Morning Consult","Harris","8/13/24",10125,3
-0.3,45,"Morning Consult","Trump","8/13/24",10125,3
-0.3,47,"Morning Consult","Harris","8/12/24",4000,3
-0.3,44,"Morning Consult","Trump","8/12/24",4000,3
-0.3,49,"Morning Consult","Harris","8/12/24",10440,3
-0.3,45,"Morning Consult","Trump","8/12/24",10440,3
-0.3,47,"Morning Consult","Harris","8/11/24",11778,3
-0.3,44,"Morning Consult","Trump","8/11/24",11778,3
-0.3,49,"Morning Consult","Harris","8/11/24",10374,3
-0.3,45,"Morning Consult","Trump","8/11/24",10374,3
-0.3,48,"Morning Consult","Harris","8/10/24",4000,3
-0.3,44,"Morning Consult","Trump","8/10/24",4000,3
-0.3,49,"Morning Consult","Harris","8/10/24",10112,3
-0.3,45,"Morning Consult","Trump","8/10/24",10112,3
-0.3,48,"Morning Consult","Harris","8/9/24",4000,3
-0.3,44,"Morning Consult","Trump","8/9/24",4000,3
-0.3,50,"Morning Consult","Harris","8/9/24",9795,3
-0.3,45,"Morning Consult","Trump","8/9/24",9795,3
-0.3,48,"Morning Consult","Harris","8/8/24",4000,3
-0.3,44,"Morning Consult","Trump","8/8/24",4000,3
-0.3,50,"Morning Consult","Harris","8/8/24",9715,3
-0.3,45,"Morning Consult","Trump","8/8/24",9715,3
-0.3,48,"Morning Consult","Harris","8/7/24",4000,3
-0.3,44,"Morning Consult","Trump","8/7/24",4000,3
-0.3,50,"Morning Consult","Harris","8/7/24",9682,3
-0.3,45,"Morning Consult","Trump","8/7/24",9682,3
-0.3,48,"Morning Consult","Harris","8/6/24",4000,3
-0.3,44,"Morning Consult","Trump","8/6/24",4000,3
-0.3,49,"Morning Consult","Harris","8/6/24",10013,3
-0.3,45,"Morning Consult","Trump","8/6/24",10013,3
-0.3,47,"Morning Consult","Harris","8/5/24",4000,3
-0.3,44,"Morning Consult","Trump","8/5/24",4000,3
-0.3,49,"Morning Consult","Harris","8/5/24",10206,3
-0.3,45,"Morning Consult","Trump","8/5/24",10206,3
-0.3,48,"Morning Consult","Harris","8/4/24",11265,3
-0.3,44,"Morning Consult","Trump","8/4/24",11265,3
-0.3,49,"Morning Consult","Harris","8/4/24",9952,3
-0.3,45,"Morning Consult","Trump","8/4/24",9952,3
-0.3,47,"Morning Consult","Harris","8/3/24",4000,3
-0.3,44,"Morning Consult","Trump","8/3/24",4000,3
-0.3,48,"Morning Consult","Harris","8/3/24",9394,3
-0.3,46,"Morning Consult","Trump","8/3/24",9394,3
-0.3,47,"Morning Consult","Harris","8/2/24",4000,3
-0.3,45,"Morning Consult","Trump","8/2/24",4000,3
-0.3,48,"Morning Consult","Harris","8/2/24",9250,3
-0.3,46,"Morning Consult","Trump","8/2/24",9250,3
-0.3,46,"Morning Consult","Harris","8/1/24",4000,3
-0.3,45,"Morning Consult","Trump","8/1/24",4000,3
-0.3,48,"Morning Consult","Harris","8/1/24",9589,3
-0.3,46,"Morning Consult","Trump","8/1/24",9589,3
-0.3,46,"Morning Consult","Harris","7/31/24",4000,3
-0.3,44,"Morning Consult","Trump","7/31/24",4000,3
-0.3,48,"Morning Consult","Harris","7/31/24",9998,3
-0.3,45,"Morning Consult","Trump","7/31/24",9998,3
-0.3,46,"Morning Consult","Harris","7/30/24",4000,3
-0.3,45,"Morning Consult","Trump","7/30/24",4000,3
-0.3,48,"Morning Consult","Harris","7/30/24",10119,3
-0.3,46,"Morning Consult","Trump","7/30/24",10119,3
-0.3,46,"Morning Consult","Harris","7/29/24",4000,3
-0.3,45,"Morning Consult","Trump","7/29/24",4000,3
-0.3,48,"Morning Consult","Harris","7/29/24",10354,3
-0.3,46,"Morning Consult","Trump","7/29/24",10354,3
-0.3,47,"Morning Consult","Harris","7/28/24",11538,3
-0.3,46,"Morning Consult","Trump","7/28/24",11538,3
-0.3,48,"Morning Consult","Harris","7/28/24",10106,3
-0.3,46,"Morning Consult","Trump","7/28/24",10106,3
-0.3,48,"Morning Consult","Harris","7/28/24",804,3
-0.3,44,"Morning Consult","Trump","7/28/24",804,3
-0.3,5,"Morning Consult","Kennedy","7/28/24",804,3
-0.3,0,"Morning Consult","Stein","7/28/24",804,3
-0.3,2,"Morning Consult","Oliver","7/28/24",804,3
-0.3,49,"Morning Consult","Harris","7/28/24",804,3
-0.3,47,"Morning Consult","Trump","7/28/24",804,3
-0.3,45,"Morning Consult","Harris","7/28/24",799,3
-0.3,45,"Morning Consult","Trump","7/28/24",799,3
-0.3,4,"Morning Consult","Kennedy","7/28/24",799,3
-0.3,0,"Morning Consult","Stein","7/28/24",799,3
-0.3,4,"Morning Consult","Oliver","7/28/24",799,3
-0.3,47,"Morning Consult","Harris","7/28/24",799,3
-0.3,47,"Morning Consult","Trump","7/28/24",799,3
-0.3,51,"Morning Consult","Harris","7/28/24",706,3
-0.3,39,"Morning Consult","Trump","7/28/24",706,3
-0.3,5,"Morning Consult","Kennedy","7/28/24",706,3
-0.3,1,"Morning Consult","Stein","7/28/24",706,3
-0.3,2,"Morning Consult","Oliver","7/28/24",706,3
-0.3,53,"Morning Consult","Harris","7/28/24",706,3
-0.3,42,"Morning Consult","Trump","7/28/24",706,3
-0.3,43,"Morning Consult","Harris","7/28/24",454,3
-0.3,43,"Morning Consult","Trump","7/28/24",454,3
-0.3,7,"Morning Consult","Kennedy","7/28/24",454,3
-0.3,1,"Morning Consult","Stein","7/28/24",454,3
-0.3,3,"Morning Consult","Oliver","7/28/24",454,3
-0.3,47,"Morning Consult","Harris","7/28/24",454,3
-0.3,45,"Morning Consult","Trump","7/28/24",454,3
-0.3,44,"Morning Consult","Harris","7/28/24",706,3
-0.3,45,"Morning Consult","Trump","7/28/24",706,3
-0.3,5,"Morning Consult","Kennedy","7/28/24",706,3
-0.3,0,"Morning Consult","Stein","7/28/24",706,3
-0.3,4,"Morning Consult","Oliver","7/28/24",706,3
-0.3,46,"Morning Consult","Harris","7/28/24",706,3
-0.3,48,"Morning Consult","Trump","7/28/24",706,3
-0.3,44,"Morning Consult","Harris","7/28/24",804,3
-0.3,46,"Morning Consult","Trump","7/28/24",804,3
-0.3,3,"Morning Consult","Kennedy","7/28/24",804,3
-0.3,1,"Morning Consult","Stein","7/28/24",804,3
-0.3,4,"Morning Consult","Oliver","7/28/24",804,3
-0.3,46,"Morning Consult","Harris","7/28/24",804,3
-0.3,50,"Morning Consult","Trump","7/28/24",804,3
-0.3,44,"Morning Consult","Harris","7/28/24",700,3
-0.3,45,"Morning Consult","Trump","7/28/24",700,3
-0.3,6,"Morning Consult","Kennedy","7/28/24",700,3
-0.3,0,"Morning Consult","Stein","7/28/24",700,3
-0.3,3,"Morning Consult","Oliver","7/28/24",700,3
-0.3,49,"Morning Consult","Harris","7/28/24",700,3
-0.3,47,"Morning Consult","Trump","7/28/24",700,3
-0.3,47,"Morning Consult","Harris","7/27/24",4000,3
-0.3,45,"Morning Consult","Trump","7/27/24",4000,3
-0.3,48,"Morning Consult","Harris","7/27/24",9986,3
-0.3,46,"Morning Consult","Trump","7/27/24",9986,3
-0.3,46,"Morning Consult","Harris","7/26/24",4000,3
-0.3,45,"Morning Consult","Trump","7/26/24",4000,3
-0.3,48,"Morning Consult","Harris","7/26/24",9918,3
-0.3,46,"Morning Consult","Trump","7/26/24",9918,3
-0.3,46,"Morning Consult","Harris","7/25/24",4000,3
-0.3,45,"Morning Consult","Trump","7/25/24",4000,3
-0.3,48,"Morning Consult","Harris","7/25/24",10054,3
-0.3,46,"Morning Consult","Trump","7/25/24",10054,3
-0.3,46,"Morning Consult","Harris","7/24/24",11297,3
-0.3,45,"Morning Consult","Trump","7/24/24",11297,3
-0.3,47,"Morning Consult","Harris","7/24/24",9850,3
-0.3,46,"Morning Consult","Trump","7/24/24",9850,3
-0.3,45,"Morning Consult","Harris","7/22/24",4001,3
-0.3,47,"Morning Consult","Trump","7/22/24",4001,3
-0.3,42,"Morning Consult","Biden","7/17/24",9414,3
-0.3,46,"Morning Consult","Trump","7/17/24",9414,3
-0.3,42,"Morning Consult","Biden","7/16/24",4000,3
-0.3,45,"Morning Consult","Trump","7/16/24",4000,3
-0.3,45,"Morning Consult","Biden","7/15/24",2045,3
-0.3,46,"Morning Consult","Trump","7/15/24",2045,3
-0.3,45,"Morning Consult","Harris","7/15/24",2045,3
-0.3,46,"Morning Consult","Trump","7/15/24",2045,3
-0.3,42,"Morning Consult","Biden","7/15/24",4000,3
-0.3,45,"Morning Consult","Trump","7/15/24",4000,3
-0.3,42,"Morning Consult","Biden","7/14/24",11328,3
-0.3,44,"Morning Consult","Trump","7/14/24",11328,3
-0.3,42,"Morning Consult","Biden","7/13/24",4000,3
-0.3,44,"Morning Consult","Trump","7/13/24",4000,3
-0.3,42,"Morning Consult","Biden","7/12/24",4000,3
-0.3,44,"Morning Consult","Trump","7/12/24",4000,3
-0.3,42,"Morning Consult","Biden","7/11/24",4000,3
-0.3,44,"Morning Consult","Trump","7/11/24",4000,3
-0.3,42,"Morning Consult","Biden","7/10/24",4000,3
-0.3,44,"Morning Consult","Trump","7/10/24",4000,3
-0.3,42,"Morning Consult","Biden","7/9/24",4000,3
-0.3,44,"Morning Consult","Trump","7/9/24",4000,3
-0.3,42,"Morning Consult","Biden","7/8/24",4000,3
-0.3,44,"Morning Consult","Trump","7/8/24",4000,3
-0.3,42,"Morning Consult","Biden","7/7/24",11323,3
-0.3,44,"Morning Consult","Trump","7/7/24",11323,3
-0.3,42,"Morning Consult","Biden","7/6/24",4000,3
-0.3,44,"Morning Consult","Trump","7/6/24",4000,3
-0.3,43,"Morning Consult","Biden","7/5/24",4000,3
-0.3,44,"Morning Consult","Trump","7/5/24",4000,3
-0.3,38,"Morning Consult","Biden","7/5/24",781,3
-0.3,45,"Morning Consult","Trump","7/5/24",781,3
-0.3,9,"Morning Consult","Kennedy","7/5/24",781,3
-0.3,1,"Morning Consult","West","7/5/24",781,3
-0.3,0,"Morning Consult","Stein","7/5/24",781,3
-0.3,0,"Morning Consult","Oliver","7/5/24",781,3
-0.3,45,"Morning Consult","Biden","7/5/24",781,3
-0.3,48,"Morning Consult","Trump","7/5/24",781,3
-0.3,45,"Morning Consult","Biden","7/5/24",694,3
-0.3,39,"Morning Consult","Trump","7/5/24",694,3
-0.3,6,"Morning Consult","Kennedy","7/5/24",694,3
-0.3,2,"Morning Consult","West","7/5/24",694,3
-0.3,1,"Morning Consult","Stein","7/5/24",694,3
-0.3,1,"Morning Consult","Oliver","7/5/24",694,3
-0.3,48,"Morning Consult","Biden","7/5/24",694,3
-0.3,43,"Morning Consult","Trump","7/5/24",694,3
-0.3,41,"Morning Consult","Biden","7/5/24",695,3
-0.3,39,"Morning Consult","Trump","7/5/24",695,3
-0.3,10,"Morning Consult","Kennedy","7/5/24",695,3
-0.3,1,"Morning Consult","West","7/5/24",695,3
-0.3,1,"Morning Consult","Stein","7/5/24",695,3
-0.3,0,"Morning Consult","Oliver","7/5/24",695,3
-0.3,47,"Morning Consult","Biden","7/5/24",695,3
-0.3,44,"Morning Consult","Trump","7/5/24",695,3
-0.3,42,"Morning Consult","Biden","7/4/24",4000,3
-0.3,44,"Morning Consult","Trump","7/4/24",4000,3
-0.3,42,"Morning Consult","Biden","7/4/24",790,3
-0.3,44,"Morning Consult","Trump","7/4/24",790,3
-0.3,7,"Morning Consult","Kennedy","7/4/24",790,3
-0.3,1,"Morning Consult","West","7/4/24",790,3
-0.3,0,"Morning Consult","Stein","7/4/24",790,3
-0.3,0,"Morning Consult","Oliver","7/4/24",790,3
-0.3,46,"Morning Consult","Biden","7/4/24",790,3
-0.3,47,"Morning Consult","Trump","7/4/24",790,3
-0.3,40,"Morning Consult","Biden","7/4/24",696,3
-0.3,42,"Morning Consult","Trump","7/4/24",696,3
-0.3,7,"Morning Consult","Kennedy","7/4/24",696,3
-0.3,1,"Morning Consult","West","7/4/24",696,3
-0.3,1,"Morning Consult","Stein","7/4/24",696,3
-0.3,1,"Morning Consult","Oliver","7/4/24",696,3
-0.3,43,"Morning Consult","Biden","7/4/24",696,3
-0.3,46,"Morning Consult","Trump","7/4/24",696,3
-0.3,39,"Morning Consult","Biden","7/4/24",452,3
-0.3,45,"Morning Consult","Trump","7/4/24",452,3
-0.3,6,"Morning Consult","Kennedy","7/4/24",452,3
-0.3,2,"Morning Consult","West","7/4/24",452,3
-0.3,0,"Morning Consult","Stein","7/4/24",452,3
-0.3,1,"Morning Consult","Oliver","7/4/24",452,3
-0.3,45,"Morning Consult","Biden","7/4/24",452,3
-0.3,48,"Morning Consult","Trump","7/4/24",452,3
-0.3,41,"Morning Consult","Biden","7/4/24",794,3
-0.3,44,"Morning Consult","Trump","7/4/24",794,3
-0.3,7,"Morning Consult","Kennedy","7/4/24",794,3
-0.3,1,"Morning Consult","West","7/4/24",794,3
-0.3,1,"Morning Consult","Stein","7/4/24",794,3
-0.3,0,"Morning Consult","Oliver","7/4/24",794,3
-0.3,44,"Morning Consult","Biden","7/4/24",794,3
-0.3,51,"Morning Consult","Trump","7/4/24",794,3
-0.3,42,"Morning Consult","Biden","7/3/24",4000,3
-0.3,44,"Morning Consult","Trump","7/3/24",4000,3
-0.3,42,"Morning Consult","Biden","7/2/24",4000,3
-0.3,44,"Morning Consult","Trump","7/2/24",4000,3
-0.3,43,"Morning Consult","Biden","7/1/24",4000,3
-0.3,44,"Morning Consult","Trump","7/1/24",4000,3
-0.3,43,"Morning Consult","Biden","6/30/24",10679,3
-0.3,44,"Morning Consult","Trump","6/30/24",10679,3
-0.3,42,"Morning Consult","Biden","6/29/24",4000,3
-0.3,44,"Morning Consult","Trump","6/29/24",4000,3
-0.3,45,"Morning Consult","Biden","6/28/24",2086,3
-0.3,44,"Morning Consult","Trump","6/28/24",2086,3
-0.3,43,"Morning Consult","Biden","6/28/24",4000,3
-0.3,44,"Morning Consult","Trump","6/28/24",4000,3
-0.3,44,"Morning Consult","Biden","6/27/24",4000,3
-0.3,44,"Morning Consult","Trump","6/27/24",4000,3
-0.3,44,"Morning Consult","Biden","6/26/24",4000,3
-0.3,43,"Morning Consult","Trump","6/26/24",4000,3
-0.3,43,"Morning Consult","Biden","6/25/24",4000,3
-0.3,44,"Morning Consult","Trump","6/25/24",4000,3
-0.3,43,"Morning Consult","Biden","6/24/24",4000,3
-0.3,44,"Morning Consult","Trump","6/24/24",4000,3
-0.3,44,"Morning Consult","Biden","6/23/24",10159,3
-0.3,44,"Morning Consult","Trump","6/23/24",10159,3
-0.3,44,"Morning Consult","Biden","6/22/24",4000,3
-0.3,44,"Morning Consult","Trump","6/22/24",4000,3
-0.3,43,"Morning Consult","Biden","6/21/24",4000,3
-0.3,44,"Morning Consult","Trump","6/21/24",4000,3
-0.3,43,"Morning Consult","Biden","6/20/24",4000,3
-0.3,44,"Morning Consult","Trump","6/20/24",4000,3
-0.3,43,"Morning Consult","Biden","6/19/24",4000,3
-0.3,44,"Morning Consult","Trump","6/19/24",4000,3
-0.3,43,"Morning Consult","Biden","6/18/24",4000,3
-0.3,44,"Morning Consult","Trump","6/18/24",4000,3
-0.3,44,"Morning Consult","Biden","6/17/24",4000,3
-0.3,43,"Morning Consult","Trump","6/17/24",4000,3
-0.3,44,"Morning Consult","Biden","6/16/24",10132,3
-0.3,43,"Morning Consult","Trump","6/16/24",10132,3
-0.3,44,"Morning Consult","Biden","6/15/24",4000,3
-0.3,43,"Morning Consult","Trump","6/15/24",4000,3
-0.3,43,"Morning Consult","Biden","6/14/24",4000,3
-0.3,43,"Morning Consult","Trump","6/14/24",4000,3
-0.3,44,"Morning Consult","Biden","6/13/24",4000,3
-0.3,43,"Morning Consult","Trump","6/13/24",4000,3
-0.3,43,"Morning Consult","Biden","6/12/24",4000,3
-0.3,44,"Morning Consult","Trump","6/12/24",4000,3
-0.3,43,"Morning Consult","Biden","6/11/24",4000,3
-0.3,44,"Morning Consult","Trump","6/11/24",4000,3
-0.3,43,"Morning Consult","Biden","6/10/24",4000,3
-0.3,44,"Morning Consult","Trump","6/10/24",4000,3
-0.3,44,"Morning Consult","Biden","6/9/24",10260,3
-0.3,43,"Morning Consult","Trump","6/9/24",10260,3
-0.3,44,"Morning Consult","Biden","6/8/24",4000,3
-0.3,44,"Morning Consult","Trump","6/8/24",4000,3
-0.3,43,"Morning Consult","Biden","6/7/24",4000,3
-0.3,44,"Morning Consult","Trump","6/7/24",4000,3
-0.3,43,"Morning Consult","Biden","6/6/24",4000,3
-0.3,44,"Morning Consult","Trump","6/6/24",4000,3
-0.3,43,"Morning Consult","Biden","6/5/24",4000,3
-0.3,44,"Morning Consult","Trump","6/5/24",4000,3
-0.3,43,"Morning Consult","Biden","6/4/24",4000,3
-0.3,44,"Morning Consult","Trump","6/4/24",4000,3
-0.3,43,"Morning Consult","Biden","6/3/24",4000,3
-0.3,44,"Morning Consult","Trump","6/3/24",4000,3
-0.3,43,"Morning Consult","Biden","6/2/24",10404,3
-0.3,44,"Morning Consult","Trump","6/2/24",10404,3
-0.3,43,"Morning Consult","Biden","6/1/24",4000,3
-0.3,44,"Morning Consult","Trump","6/1/24",4000,3
-0.3,45,"Morning Consult","Biden","5/31/24",2200,3
-0.3,44,"Morning Consult","Trump","5/31/24",2200,3
-0.3,43,"Morning Consult","Biden","5/31/24",4000,3
-0.3,45,"Morning Consult","Trump","5/31/24",4000,3
-0.3,43,"Morning Consult","Biden","5/30/24",4000,3
-0.3,45,"Morning Consult","Trump","5/30/24",4000,3
-0.3,45,"Morning Consult","Biden","5/29/24",3996,3
-0.3,45,"Morning Consult","Trump","5/29/24",3996,3
-0.3,42,"Morning Consult","Biden","5/29/24",4000,3
-0.3,44,"Morning Consult","Trump","5/29/24",4000,3
-0.3,42,"Morning Consult","Biden","5/28/24",10721,3
-0.3,44,"Morning Consult","Trump","5/28/24",10721,3
-0.3,43,"Morning Consult","Biden","5/27/24",4000,3
-0.3,44,"Morning Consult","Trump","5/27/24",4000,3
-0.3,43,"Morning Consult","Biden","5/26/24",4000,3
-0.3,44,"Morning Consult","Trump","5/26/24",4000,3
-0.3,43,"Morning Consult","Biden","5/25/24",4000,3
-0.3,44,"Morning Consult","Trump","5/25/24",4000,3
-0.3,43,"Morning Consult","Biden","5/24/24",4000,3
-0.3,44,"Morning Consult","Trump","5/24/24",4000,3
-0.3,43,"Morning Consult","Biden","5/23/24",4000,3
-0.3,44,"Morning Consult","Trump","5/23/24",4000,3
-0.3,43,"Morning Consult","Biden","5/22/24",4000,3
-0.3,44,"Morning Consult","Trump","5/22/24",4000,3
-0.3,43,"Morning Consult","Biden","5/21/24",4000,3
-0.3,45,"Morning Consult","Trump","5/21/24",4000,3
-0.3,43,"Morning Consult","Biden","5/20/24",4000,3
-0.3,44,"Morning Consult","Trump","5/20/24",4000,3
-0.3,43,"Morning Consult","Biden","5/19/24",10172,3
-0.3,44,"Morning Consult","Trump","5/19/24",10172,3
-0.3,43,"Morning Consult","Biden","5/18/24",4000,3
-0.3,44,"Morning Consult","Trump","5/18/24",4000,3
-0.3,43,"Morning Consult","Biden","5/17/24",4000,3
-0.3,44,"Morning Consult","Trump","5/17/24",4000,3
-0.3,43,"Morning Consult","Biden","5/16/24",4000,3
-0.3,44,"Morning Consult","Trump","5/16/24",4000,3
-0.3,43,"Morning Consult","Biden","5/15/24",4000,3
-0.3,44,"Morning Consult","Trump","5/15/24",4000,3
-0.3,43,"Morning Consult","Biden","5/14/24",4000,3
-0.3,44,"Morning Consult","Trump","5/14/24",4000,3
-0.3,43,"Morning Consult","Biden","5/13/24",4000,3
-0.3,44,"Morning Consult","Trump","5/13/24",4000,3
-0.3,39,"Morning Consult","Biden","5/13/24",459,3
-0.3,44,"Morning Consult","Trump","5/13/24",459,3
-0.3,7,"Morning Consult","Kennedy","5/13/24",459,3
-0.3,2,"Morning Consult","West","5/13/24",459,3
-0.3,1,"Morning Consult","Stein","5/13/24",459,3
-0.3,47,"Morning Consult","Biden","5/13/24",459,3
-0.3,47,"Morning Consult","Trump","5/13/24",459,3
-0.3,44,"Morning Consult","Harris","5/13/24",459,3
-0.3,47,"Morning Consult","Trump","5/13/24",459,3
-0.3,42,"Morning Consult","Biden","5/13/24",693,3
-0.3,43,"Morning Consult","Trump","5/13/24",693,3
-0.3,6,"Morning Consult","Kennedy","5/13/24",693,3
-0.3,1,"Morning Consult","West","5/13/24",693,3
-0.3,1,"Morning Consult","Stein","5/13/24",693,3
-0.3,46,"Morning Consult","Biden","5/13/24",693,3
-0.3,47,"Morning Consult","Trump","5/13/24",693,3
-0.3,41,"Morning Consult","Harris","5/13/24",693,3
-0.3,49,"Morning Consult","Trump","5/13/24",693,3
-0.3,43,"Morning Consult","Biden","5/12/24",10243,3
-0.3,44,"Morning Consult","Trump","5/12/24",10243,3
-0.3,40,"Morning Consult","Biden","5/12/24",795,3
-0.3,45,"Morning Consult","Trump","5/12/24",795,3
-0.3,7,"Morning Consult","Kennedy","5/12/24",795,3
-0.3,1,"Morning Consult","West","5/12/24",795,3
-0.3,2,"Morning Consult","Stein","5/12/24",795,3
-0.3,44,"Morning Consult","Biden","5/12/24",795,3
-0.3,49,"Morning Consult","Trump","5/12/24",795,3
-0.3,42,"Morning Consult","Harris","5/12/24",795,3
-0.3,51,"Morning Consult","Trump","5/12/24",795,3
-0.3,39,"Morning Consult","Biden","5/12/24",795,3
-0.3,44,"Morning Consult","Trump","5/12/24",795,3
-0.3,8,"Morning Consult","Kennedy","5/12/24",795,3
-0.3,1,"Morning Consult","West","5/12/24",795,3
-0.3,1,"Morning Consult","Stein","5/12/24",795,3
-0.3,44,"Morning Consult","Biden","5/12/24",795,3
-0.3,47,"Morning Consult","Trump","5/12/24",795,3
-0.3,41,"Morning Consult","Harris","5/12/24",795,3
-0.3,49,"Morning Consult","Trump","5/12/24",795,3
-0.3,42,"Morning Consult","Biden","5/12/24",704,3
-0.3,40,"Morning Consult","Trump","5/12/24",704,3
-0.3,7,"Morning Consult","Kennedy","5/12/24",704,3
-0.3,1,"Morning Consult","West","5/12/24",704,3
-0.3,2,"Morning Consult","Stein","5/12/24",704,3
-0.3,46,"Morning Consult","Biden","5/12/24",704,3
-0.3,45,"Morning Consult","Trump","5/12/24",704,3
-0.3,44,"Morning Consult","Harris","5/12/24",704,3
-0.3,47,"Morning Consult","Trump","5/12/24",704,3
-0.3,38,"Morning Consult","Biden","5/12/24",704,3
-0.3,46,"Morning Consult","Trump","5/12/24",704,3
-0.3,7,"Morning Consult","Kennedy","5/12/24",704,3
-0.3,1,"Morning Consult","West","5/12/24",704,3
-0.3,1,"Morning Consult","Stein","5/12/24",704,3
-0.3,42,"Morning Consult","Biden","5/12/24",704,3
-0.3,49,"Morning Consult","Trump","5/12/24",704,3
-0.3,40,"Morning Consult","Harris","5/12/24",704,3
-0.3,50,"Morning Consult","Trump","5/12/24",704,3
-0.3,42,"Morning Consult","Biden","5/12/24",812,3
-0.3,45,"Morning Consult","Trump","5/12/24",812,3
-0.3,7,"Morning Consult","Kennedy","5/12/24",812,3
-0.3,2,"Morning Consult","West","5/12/24",812,3
-0.3,1,"Morning Consult","Stein","5/12/24",812,3
-0.3,46,"Morning Consult","Biden","5/12/24",812,3
-0.3,48,"Morning Consult","Trump","5/12/24",812,3
-0.3,43,"Morning Consult","Harris","5/12/24",812,3
-0.3,50,"Morning Consult","Trump","5/12/24",812,3
-0.3,43,"Morning Consult","Biden","5/11/24",4000,3
-0.3,44,"Morning Consult","Trump","5/11/24",4000,3
-0.3,43,"Morning Consult","Biden","5/10/24",4000,3
-0.3,43,"Morning Consult","Trump","5/10/24",4000,3
-0.3,43,"Morning Consult","Biden","5/9/24",4000,3
-0.3,43,"Morning Consult","Trump","5/9/24",4000,3
-0.3,44,"Morning Consult","Biden","5/8/24",4000,3
-0.3,43,"Morning Consult","Trump","5/8/24",4000,3
-0.3,44,"Morning Consult","Biden","5/7/24",4000,3
-0.3,43,"Morning Consult","Trump","5/7/24",4000,3
-0.3,44,"Morning Consult","Biden","5/6/24",4000,3
-0.3,43,"Morning Consult","Trump","5/6/24",4000,3
-0.3,43,"Morning Consult","Biden","5/5/24",9918,3
-0.3,44,"Morning Consult","Trump","5/5/24",9918,3
-0.3,42,"Morning Consult","Biden","5/4/24",4000,3
-0.3,44,"Morning Consult","Trump","5/4/24",4000,3
-0.3,42,"Morning Consult","Biden","5/3/24",4000,3
-0.3,44,"Morning Consult","Trump","5/3/24",4000,3
-0.3,42,"Morning Consult","Biden","5/2/24",4000,3
-0.3,43,"Morning Consult","Trump","5/2/24",4000,3
-0.3,43,"Morning Consult","Biden","5/1/24",4000,3
-0.3,43,"Morning Consult","Trump","5/1/24",4000,3
-0.3,43,"Morning Consult","Biden","4/30/24",4000,3
-0.3,43,"Morning Consult","Trump","4/30/24",4000,3
-0.3,44,"Morning Consult","Biden","4/29/24",4000,3
-0.3,43,"Morning Consult","Trump","4/29/24",4000,3
-0.3,43,"Morning Consult","Biden","4/28/24",10109,3
-0.3,43,"Morning Consult","Trump","4/28/24",10109,3
-0.3,43,"Morning Consult","Biden","4/27/24",4000,3
-0.3,43,"Morning Consult","Trump","4/27/24",4000,3
-0.3,42,"Morning Consult","Biden","4/26/24",4000,3
-0.3,43,"Morning Consult","Trump","4/26/24",4000,3
-0.3,42,"Morning Consult","Biden","4/25/24",4000,3
-0.3,43,"Morning Consult","Trump","4/25/24",4000,3
-0.3,43,"Morning Consult","Biden","4/24/24",4000,3
-0.3,43,"Morning Consult","Trump","4/24/24",4000,3
-0.3,43,"Morning Consult","Biden","4/23/24",4000,3
-0.3,44,"Morning Consult","Trump","4/23/24",4000,3
-0.3,43,"Morning Consult","Biden","4/22/24",4000,3
-0.3,43,"Morning Consult","Trump","4/22/24",4000,3
-0.3,44,"Morning Consult","Biden","4/21/24",9791,3
-0.3,43,"Morning Consult","Trump","4/21/24",9791,3
-0.3,44,"Morning Consult","Biden","4/20/24",4000,3
-0.3,43,"Morning Consult","Trump","4/20/24",4000,3
-0.3,44,"Morning Consult","Biden","4/19/24",4000,3
-0.3,43,"Morning Consult","Trump","4/19/24",4000,3
-0.3,44,"Morning Consult","Biden","4/18/24",4000,3
-0.3,42,"Morning Consult","Trump","4/18/24",4000,3
-0.3,42,"Morning Consult","Biden","4/17/24",7990,3
-0.3,42,"Morning Consult","Trump","4/17/24",7990,3
-0.3,41,"Morning Consult","Biden","4/16/24",4000,3
-0.3,43,"Morning Consult","Trump","4/16/24",4000,3
-0.3,41,"Morning Consult","Biden","4/15/24",4000,3
-0.3,44,"Morning Consult","Trump","4/15/24",4000,3
-0.3,43,"Morning Consult","Biden","4/15/24",802,3
-0.3,49,"Morning Consult","Trump","4/15/24",802,3
-0.3,39,"Morning Consult","Biden","4/15/24",802,3
-0.3,47,"Morning Consult","Trump","4/15/24",802,3
-0.3,5,"Morning Consult","Kennedy","4/15/24",802,3
-0.3,1,"Morning Consult","West","4/15/24",802,3
-0.3,1,"Morning Consult","Stein","4/15/24",802,3
-0.3,43,"Morning Consult","Biden","4/15/24",708,3
-0.3,40,"Morning Consult","Trump","4/15/24",708,3
-0.3,7,"Morning Consult","Kennedy","4/15/24",708,3
-0.3,1,"Morning Consult","West","4/15/24",708,3
-0.3,1,"Morning Consult","Stein","4/15/24",708,3
-0.3,47,"Morning Consult","Biden","4/15/24",708,3
-0.3,45,"Morning Consult","Trump","4/15/24",708,3
-0.3,42,"Morning Consult","Biden","4/14/24",4000,3
-0.3,44,"Morning Consult","Trump","4/14/24",4000,3
-0.3,37,"Morning Consult","Biden","4/14/24",450,3
-0.3,48,"Morning Consult","Trump","4/14/24",450,3
-0.3,7,"Morning Consult","Kennedy","4/14/24",450,3
-0.3,2,"Morning Consult","West","4/14/24",450,3
-0.3,3,"Morning Consult","Stein","4/14/24",450,3
-0.3,43,"Morning Consult","Biden","4/14/24",450,3
-0.3,51,"Morning Consult","Trump","4/14/24",450,3
-0.3,38,"Morning Consult","Biden","4/14/24",703,3
-0.3,48,"Morning Consult","Trump","4/14/24",703,3
-0.3,5,"Morning Consult","Kennedy","4/14/24",703,3
-0.3,1,"Morning Consult","West","4/14/24",703,3
-0.3,0,"Morning Consult","Stein","4/14/24",703,3
-0.3,41,"Morning Consult","Biden","4/14/24",703,3
-0.3,51,"Morning Consult","Trump","4/14/24",703,3
-0.3,41,"Morning Consult","Biden","4/14/24",702,3
-0.3,44,"Morning Consult","Trump","4/14/24",702,3
-0.3,8,"Morning Consult","Kennedy","4/14/24",702,3
-0.3,1,"Morning Consult","West","4/14/24",702,3
-0.3,1,"Morning Consult","Stein","4/14/24",702,3
-0.3,44,"Morning Consult","Biden","4/14/24",702,3
-0.3,48,"Morning Consult","Trump","4/14/24",702,3
-0.3,43,"Morning Consult","Biden","4/13/24",4000,3
-0.3,44,"Morning Consult","Trump","4/13/24",4000,3
-0.3,40,"Morning Consult","Biden","4/13/24",801,3
-0.3,46,"Morning Consult","Trump","4/13/24",801,3
-0.3,7,"Morning Consult","Kennedy","4/13/24",801,3
-0.3,2,"Morning Consult","West","4/13/24",801,3
-0.3,0,"Morning Consult","Stein","4/13/24",801,3
-0.3,42,"Morning Consult","Biden","4/13/24",801,3
-0.3,49,"Morning Consult","Trump","4/13/24",801,3
-0.3,42,"Morning Consult","Biden","4/13/24",803,3
-0.3,43,"Morning Consult","Trump","4/13/24",803,3
-0.3,8,"Morning Consult","Kennedy","4/13/24",803,3
-0.3,0,"Morning Consult","West","4/13/24",803,3
-0.3,1,"Morning Consult","Stein","4/13/24",803,3
-0.3,46,"Morning Consult","Biden","4/13/24",803,3
-0.3,47,"Morning Consult","Trump","4/13/24",803,3
-0.3,44,"Morning Consult","Biden","4/12/24",4000,3
-0.3,43,"Morning Consult","Trump","4/12/24",4000,3
-0.3,44,"Morning Consult","Biden","4/11/24",4000,3
-0.3,43,"Morning Consult","Trump","4/11/24",4000,3
-0.3,44,"Morning Consult","Biden","4/10/24",4000,3
-0.3,43,"Morning Consult","Trump","4/10/24",4000,3
-0.3,43,"Morning Consult","Biden","4/9/24",4000,3
-0.3,43,"Morning Consult","Trump","4/9/24",4000,3
-0.3,43,"Morning Consult","Biden","4/8/24",4000,3
-0.3,44,"Morning Consult","Trump","4/8/24",4000,3
-0.3,43,"Morning Consult","Biden","4/7/24",6236,3
-0.3,44,"Morning Consult","Trump","4/7/24",6236,3
-0.3,45,"Morning Consult","Biden","4/7/24",6004,3
-0.3,43,"Morning Consult","Trump","4/7/24",6004,3
-0.3,43,"Morning Consult","Biden","4/6/24",4000,3
-0.3,44,"Morning Consult","Trump","4/6/24",4000,3
-0.3,42,"Morning Consult","Biden","4/5/24",4000,3
-0.3,43,"Morning Consult","Trump","4/5/24",4000,3
-0.3,43,"Morning Consult","Biden","4/4/24",4000,3
-0.3,43,"Morning Consult","Trump","4/4/24",4000,3
-0.3,42,"Morning Consult","Biden","4/3/24",4000,3
-0.3,43,"Morning Consult","Trump","4/3/24",4000,3
-0.3,43,"Morning Consult","Biden","4/2/24",4000,3
-0.3,43,"Morning Consult","Trump","4/2/24",4000,3
-0.3,42,"Morning Consult","Biden","4/1/24",4000,3
-0.3,43,"Morning Consult","Trump","4/1/24",4000,3
-0.3,44,"Morning Consult","Biden","3/31/24",6018,3
-0.3,42,"Morning Consult","Trump","3/31/24",6018,3
-0.3,44,"Morning Consult","Biden","3/30/24",4000,3
-0.3,43,"Morning Consult","Trump","3/30/24",4000,3
-0.3,43,"Morning Consult","Biden","3/29/24",4000,3
-0.3,44,"Morning Consult","Trump","3/29/24",4000,3
-0.3,43,"Morning Consult","Biden","3/28/24",4000,3
-0.3,44,"Morning Consult","Trump","3/28/24",4000,3
-0.3,43,"Morning Consult","Biden","3/27/24",4000,3
-0.3,44,"Morning Consult","Trump","3/27/24",4000,3
-0.3,44,"Morning Consult","Biden","3/26/24",4000,3
-0.3,44,"Morning Consult","Trump","3/26/24",4000,3
-0.3,44,"Morning Consult","Biden","3/25/24",4000,3
-0.3,43,"Morning Consult","Trump","3/25/24",4000,3
-0.3,44,"Morning Consult","Biden","3/24/24",5833,3
-0.3,43,"Morning Consult","Trump","3/24/24",5833,3
-0.3,44,"Morning Consult","Biden","3/23/24",4000,3
-0.3,43,"Morning Consult","Trump","3/23/24",4000,3
-0.3,44,"Morning Consult","Biden","3/22/24",4000,3
-0.3,43,"Morning Consult","Trump","3/22/24",4000,3
-0.3,43,"Morning Consult","Biden","3/21/24",4000,3
-0.3,42,"Morning Consult","Trump","3/21/24",4000,3
-0.3,43,"Morning Consult","Biden","3/20/24",4000,3
-0.3,43,"Morning Consult","Trump","3/20/24",4000,3
-0.3,42,"Morning Consult","Biden","3/19/24",4000,3
-0.3,44,"Morning Consult","Trump","3/19/24",4000,3
-0.3,43,"Morning Consult","Biden","3/18/24",4000,3
-0.3,44,"Morning Consult","Trump","3/18/24",4000,3
-0.3,43,"Morning Consult","Biden","3/17/24",5777,3
-0.3,43,"Morning Consult","Trump","3/17/24",5777,3
-0.3,43,"Morning Consult","Biden","3/16/24",4000,3
-0.3,43,"Morning Consult","Trump","3/16/24",4000,3
-0.3,43,"Morning Consult","Biden","3/15/24",4000,3
-0.3,43,"Morning Consult","Trump","3/15/24",4000,3
-0.3,36,"Morning Consult","Biden","3/15/24",447,3
-0.3,42,"Morning Consult","Trump","3/15/24",447,3
-0.3,11,"Morning Consult","Kennedy","3/15/24",447,3
-0.3,1,"Morning Consult","West","3/15/24",447,3
-0.3,1,"Morning Consult","Stein","3/15/24",447,3
-0.3,44,"Morning Consult","Biden","3/15/24",447,3
-0.3,46,"Morning Consult","Trump","3/15/24",447,3
-0.3,43,"Morning Consult","Biden","3/14/24",4000,3
-0.3,43,"Morning Consult","Trump","3/14/24",4000,3
-0.3,37,"Morning Consult","Biden","3/14/24",796,3
-0.3,43,"Morning Consult","Trump","3/14/24",796,3
-0.3,12,"Morning Consult","Kennedy","3/14/24",796,3
-0.3,2,"Morning Consult","West","3/14/24",796,3
-0.3,1,"Morning Consult","Stein","3/14/24",796,3
-0.3,43,"Morning Consult","Biden","3/14/24",796,3
-0.3,48,"Morning Consult","Trump","3/14/24",796,3
-0.3,39,"Morning Consult","Biden","3/14/24",697,3
-0.3,41,"Morning Consult","Trump","3/14/24",697,3
-0.3,10,"Morning Consult","Kennedy","3/14/24",697,3
-0.3,1,"Morning Consult","West","3/14/24",697,3
-0.3,1,"Morning Consult","Stein","3/14/24",697,3
-0.3,46,"Morning Consult","Biden","3/14/24",697,3
-0.3,45,"Morning Consult","Trump","3/14/24",697,3
-0.3,44,"Morning Consult","Biden","3/13/24",4000,3
-0.3,42,"Morning Consult","Trump","3/13/24",4000,3
-0.3,44,"Morning Consult","Biden","3/12/24",4000,3
-0.3,43,"Morning Consult","Trump","3/12/24",4000,3
-0.3,38,"Morning Consult","Biden","3/12/24",788,3
-0.3,45,"Morning Consult","Trump","3/12/24",788,3
-0.3,7,"Morning Consult","Kennedy","3/12/24",788,3
-0.3,2,"Morning Consult","West","3/12/24",788,3
-0.3,0,"Morning Consult","Stein","3/12/24",788,3
-0.3,42,"Morning Consult","Biden","3/12/24",788,3
-0.3,49,"Morning Consult","Trump","3/12/24",788,3
-0.3,40,"Morning Consult","Biden","3/12/24",698,3
-0.3,40,"Morning Consult","Trump","3/12/24",698,3
-0.3,9,"Morning Consult","Kennedy","3/12/24",698,3
-0.3,3,"Morning Consult","West","3/12/24",698,3
-0.3,2,"Morning Consult","Stein","3/12/24",698,3
-0.3,45,"Morning Consult","Biden","3/12/24",698,3
-0.3,45,"Morning Consult","Trump","3/12/24",698,3
-0.3,39,"Morning Consult","Biden","3/12/24",699,3
-0.3,45,"Morning Consult","Trump","3/12/24",699,3
-0.3,7,"Morning Consult","Kennedy","3/12/24",699,3
-0.3,1,"Morning Consult","West","3/12/24",699,3
-0.3,0,"Morning Consult","Stein","3/12/24",699,3
-0.3,43,"Morning Consult","Biden","3/12/24",699,3
-0.3,49,"Morning Consult","Trump","3/12/24",699,3
-0.3,38,"Morning Consult","Biden","3/12/24",807,3
-0.3,44,"Morning Consult","Trump","3/12/24",807,3
-0.3,7,"Morning Consult","Kennedy","3/12/24",807,3
-0.3,0,"Morning Consult","West","3/12/24",807,3
-0.3,1,"Morning Consult","Stein","3/12/24",807,3
-0.3,45,"Morning Consult","Biden","3/12/24",807,3
-0.3,45,"Morning Consult","Trump","3/12/24",807,3
-0.3,44,"Morning Consult","Biden","3/11/24",4000,3
-0.3,43,"Morning Consult","Trump","3/11/24",4000,3
-0.3,43,"Morning Consult","Biden","3/10/24",6300,3
-0.3,44,"Morning Consult","Trump","3/10/24",6300,3
-0.3,44,"Morning Consult","Biden","3/9/24",4000,3
-0.3,43,"Morning Consult","Trump","3/9/24",4000,3
-0.3,43,"Morning Consult","Biden","3/8/24",4000,3
-0.3,44,"Morning Consult","Trump","3/8/24",4000,3
-0.3,43,"Morning Consult","Biden","3/7/24",4000,3
-0.3,43,"Morning Consult","Trump","3/7/24",4000,3
-0.3,42,"Morning Consult","Biden","3/6/24",4000,3
-0.3,44,"Morning Consult","Trump","3/6/24",4000,3
-0.3,43,"Morning Consult","Biden","3/5/24",4000,3
-0.3,43,"Morning Consult","Trump","3/5/24",4000,3
-0.3,44,"Morning Consult","Biden","3/4/24",4000,3
-0.3,43,"Morning Consult","Trump","3/4/24",4000,3
-0.3,44,"Morning Consult","Biden","3/3/24",6334,3
-0.3,43,"Morning Consult","Trump","3/3/24",6334,3
-0.3,44,"Morning Consult","Biden","3/3/24",4000,3
-0.3,43,"Morning Consult","Trump","3/3/24",4000,3
-0.3,43,"Morning Consult","Biden","3/2/24",4000,3
-0.3,44,"Morning Consult","Trump","3/2/24",4000,3
-0.3,42,"Morning Consult","Biden","3/1/24",4000,3
-0.3,44,"Morning Consult","Trump","3/1/24",4000,3
-0.3,42,"Morning Consult","Biden","2/29/24",4000,3
-0.3,44,"Morning Consult","Trump","2/29/24",4000,3
-0.3,42,"Morning Consult","Biden","2/28/24",4000,3
-0.3,44,"Morning Consult","Trump","2/28/24",4000,3
-0.3,42,"Morning Consult","Biden","2/27/24",4000,3
-0.3,44,"Morning Consult","Trump","2/27/24",4000,3
-0.3,43,"Morning Consult","Biden","2/26/24",4000,3
-0.3,44,"Morning Consult","Trump","2/26/24",4000,3
-0.3,43,"Morning Consult","Biden","2/25/24",6224,3
-0.3,44,"Morning Consult","Trump","2/25/24",6224,3
-0.3,43,"Morning Consult","Biden","2/24/24",4000,3
-0.3,44,"Morning Consult","Trump","2/24/24",4000,3
-0.3,42,"Morning Consult","Biden","2/23/24",4000,3
-0.3,43,"Morning Consult","Trump","2/23/24",4000,3
-0.3,42,"Morning Consult","Biden","2/22/24",4000,3
-0.3,42,"Morning Consult","Trump","2/22/24",4000,3
-0.3,41,"Morning Consult","Biden","2/21/24",4000,3
-0.3,43,"Morning Consult","Trump","2/21/24",4000,3
-0.3,41,"Morning Consult","Biden","2/20/24",4000,3
-0.3,44,"Morning Consult","Trump","2/20/24",4000,3
-0.3,41,"Morning Consult","Biden","2/19/24",6321,3
-0.3,45,"Morning Consult","Trump","2/19/24",6321,3
-0.3,42,"Morning Consult","Biden","2/18/24",4000,3
-0.3,45,"Morning Consult","Trump","2/18/24",4000,3
-0.3,36,"Morning Consult","Biden","2/18/24",798,3
-0.3,45,"Morning Consult","Trump","2/18/24",798,3
-0.3,9,"Morning Consult","Kennedy","2/18/24",798,3
-0.3,1,"Morning Consult","West","2/18/24",798,3
-0.3,1,"Morning Consult","Stein","2/18/24",798,3
-0.3,43,"Morning Consult","Biden","2/18/24",798,3
-0.3,49,"Morning Consult","Trump","2/18/24",798,3
-0.3,38,"Morning Consult","Biden","2/18/24",800,3
-0.3,45,"Morning Consult","Trump","2/18/24",800,3
-0.3,6,"Morning Consult","Kennedy","2/18/24",800,3
-0.3,1,"Morning Consult","West","2/18/24",800,3
-0.3,1,"Morning Consult","Stein","2/18/24",800,3
-0.3,43,"Morning Consult","Biden","2/18/24",800,3
-0.3,49,"Morning Consult","Trump","2/18/24",800,3
-0.3,40,"Morning Consult","Biden","2/18/24",702,3
-0.3,41,"Morning Consult","Trump","2/18/24",702,3
-0.3,9,"Morning Consult","Kennedy","2/18/24",702,3
-0.3,1,"Morning Consult","West","2/18/24",702,3
-0.3,1,"Morning Consult","Stein","2/18/24",702,3
-0.3,44,"Morning Consult","Biden","2/18/24",702,3
-0.3,46,"Morning Consult","Trump","2/18/24",702,3
-0.3,37,"Morning Consult","Biden","2/18/24",445,3
-0.3,44,"Morning Consult","Trump","2/18/24",445,3
-0.3,9,"Morning Consult","Kennedy","2/18/24",445,3
-0.3,1,"Morning Consult","West","2/18/24",445,3
-0.3,0,"Morning Consult","Stein","2/18/24",445,3
-0.3,42,"Morning Consult","Biden","2/18/24",445,3
-0.3,48,"Morning Consult","Trump","2/18/24",445,3
-0.3,35,"Morning Consult","Biden","2/18/24",705,3
-0.3,45,"Morning Consult","Trump","2/18/24",705,3
-0.3,9,"Morning Consult","Kennedy","2/18/24",705,3
-0.3,1,"Morning Consult","West","2/18/24",705,3
-0.3,1,"Morning Consult","Stein","2/18/24",705,3
-0.3,41,"Morning Consult","Biden","2/18/24",705,3
-0.3,50,"Morning Consult","Trump","2/18/24",705,3
-0.3,36,"Morning Consult","Biden","2/18/24",803,3
-0.3,45,"Morning Consult","Trump","2/18/24",803,3
-0.3,8,"Morning Consult","Kennedy","2/18/24",803,3
-0.3,1,"Morning Consult","West","2/18/24",803,3
-0.3,1,"Morning Consult","Stein","2/18/24",803,3
-0.3,43,"Morning Consult","Biden","2/18/24",803,3
-0.3,49,"Morning Consult","Trump","2/18/24",803,3
-0.3,35,"Morning Consult","Biden","2/18/24",702,3
-0.3,41,"Morning Consult","Trump","2/18/24",702,3
-0.3,10,"Morning Consult","Kennedy","2/18/24",702,3
-0.3,1,"Morning Consult","West","2/18/24",702,3
-0.3,1,"Morning Consult","Stein","2/18/24",702,3
-0.3,42,"Morning Consult","Biden","2/18/24",702,3
-0.3,46,"Morning Consult","Trump","2/18/24",702,3
-0.3,42,"Morning Consult","Biden","2/17/24",4000,3
-0.3,45,"Morning Consult","Trump","2/17/24",4000,3
-0.3,42,"Morning Consult","Biden","2/16/24",4000,3
-0.3,45,"Morning Consult","Trump","2/16/24",4000,3
-0.3,41,"Morning Consult","Biden","2/15/24",4000,3
-0.3,44,"Morning Consult","Trump","2/15/24",4000,3
-0.3,42,"Morning Consult","Biden","2/14/24",4000,3
-0.3,44,"Morning Consult","Trump","2/14/24",4000,3
-0.3,42,"Morning Consult","Biden","2/13/24",4000,3
-0.3,44,"Morning Consult","Trump","2/13/24",4000,3
-0.3,42,"Morning Consult","Biden","2/12/24",4000,3
-0.3,44,"Morning Consult","Trump","2/12/24",4000,3
-0.3,42,"Morning Consult","Biden","2/11/24",6164,3
-0.3,43,"Morning Consult","Trump","2/11/24",6164,3
-0.3,42,"Morning Consult","Biden","2/10/24",4000,3
-0.3,44,"Morning Consult","Trump","2/10/24",4000,3
-0.3,41,"Morning Consult","Biden","2/9/24",4000,3
-0.3,44,"Morning Consult","Trump","2/9/24",4000,3
-0.3,41,"Morning Consult","Biden","2/8/24",4000,3
-0.3,45,"Morning Consult","Trump","2/8/24",4000,3
-0.3,40,"Morning Consult","Biden","2/7/24",4000,3
-0.3,46,"Morning Consult","Trump","2/7/24",4000,3
-0.3,40,"Morning Consult","Biden","2/6/24",6138,3
-0.3,45,"Morning Consult","Trump","2/6/24",6138,3
-0.3,41,"Morning Consult","Biden","2/5/24",4000,3
-0.3,44,"Morning Consult","Trump","2/5/24",4000,3
-0.3,41,"Morning Consult","Biden","2/4/24",4000,3
-0.3,44,"Morning Consult","Trump","2/4/24",4000,3
-0.3,42,"Morning Consult","Biden","2/4/24",2001,3
-0.3,44,"Morning Consult","Trump","2/4/24",2001,3
-0.3,41,"Morning Consult","Biden","2/3/24",4000,3
-0.3,44,"Morning Consult","Trump","2/3/24",4000,3
-0.3,42,"Morning Consult","Biden","2/2/24",4000,3
-0.3,44,"Morning Consult","Trump","2/2/24",4000,3
-0.3,41,"Morning Consult","Biden","2/1/24",4000,3
-0.3,45,"Morning Consult","Trump","2/1/24",4000,3
-0.3,41,"Morning Consult","Biden","1/31/24",4000,3
-0.3,45,"Morning Consult","Trump","1/31/24",4000,3
-0.3,41,"Morning Consult","Biden","1/30/24",4000,3
-0.3,45,"Morning Consult","Trump","1/30/24",4000,3
-0.3,42,"Morning Consult","Biden","1/29/24",4000,3
-0.3,44,"Morning Consult","Trump","1/29/24",4000,3
-0.3,42,"Morning Consult","Biden","1/28/24",4000,3
-0.3,44,"Morning Consult","Trump","1/28/24",4000,3
-0.3,41,"Morning Consult","Biden","1/27/24",4000,3
-0.3,44,"Morning Consult","Trump","1/27/24",4000,3
-0.3,42,"Morning Consult","Biden","1/26/24",4000,3
-0.3,44,"Morning Consult","Trump","1/26/24",4000,3
-0.3,42,"Morning Consult","Biden","1/25/24",4000,3
-0.3,44,"Morning Consult","Trump","1/25/24",4000,3
-0.3,42,"Morning Consult","Biden","1/24/24",4000,3
-0.3,45,"Morning Consult","Trump","1/24/24",4000,3
-0.3,40,"Morning Consult","Biden","1/23/24",4000,3
-0.3,45,"Morning Consult","Trump","1/23/24",4000,3
-0.3,40,"Morning Consult","Biden","1/22/24",4000,3
-0.3,45,"Morning Consult","Trump","1/22/24",4000,3
-0.3,40,"Morning Consult","Biden","1/21/24",6417,3
-0.3,45,"Morning Consult","Trump","1/21/24",6417,3
-0.3,35,"Morning Consult","Biden","1/21/24",800,3
-0.3,43,"Morning Consult","Trump","1/21/24",800,3
-0.3,10,"Morning Consult","Kennedy","1/21/24",800,3
-0.3,1,"Morning Consult","West","1/21/24",800,3
-0.3,1,"Morning Consult","Stein","1/21/24",800,3
-0.3,44,"Morning Consult","Biden","1/21/24",800,3
-0.3,47,"Morning Consult","Trump","1/21/24",800,3
-0.3,37,"Morning Consult","Biden","1/21/24",798,3
-0.3,44,"Morning Consult","Trump","1/21/24",798,3
-0.3,8,"Morning Consult","Kennedy","1/21/24",798,3
-0.3,1,"Morning Consult","West","1/21/24",798,3
-0.3,1,"Morning Consult","Stein","1/21/24",798,3
-0.3,41,"Morning Consult","Biden","1/21/24",798,3
-0.3,49,"Morning Consult","Trump","1/21/24",798,3
-0.3,37,"Morning Consult","Biden","1/21/24",703,3
-0.3,43,"Morning Consult","Trump","1/21/24",703,3
-0.3,8,"Morning Consult","Kennedy","1/21/24",703,3
-0.3,1,"Morning Consult","West","1/21/24",703,3
-0.3,1,"Morning Consult","Stein","1/21/24",703,3
-0.3,42,"Morning Consult","Biden","1/21/24",703,3
-0.3,47,"Morning Consult","Trump","1/21/24",703,3
-0.3,31,"Morning Consult","Biden","1/21/24",457,3
-0.3,43,"Morning Consult","Trump","1/21/24",457,3
-0.3,12,"Morning Consult","Kennedy","1/21/24",457,3
-0.3,1,"Morning Consult","West","1/21/24",457,3
-0.3,2,"Morning Consult","Stein","1/21/24",457,3
-0.3,40,"Morning Consult","Biden","1/21/24",457,3
-0.3,48,"Morning Consult","Trump","1/21/24",457,3
-0.3,32,"Morning Consult","Biden","1/21/24",706,3
-0.3,45,"Morning Consult","Trump","1/21/24",706,3
-0.3,9,"Morning Consult","Kennedy","1/21/24",706,3
-0.3,1,"Morning Consult","West","1/21/24",706,3
-0.3,1,"Morning Consult","Stein","1/21/24",706,3
-0.3,39,"Morning Consult","Biden","1/21/24",706,3
-0.3,49,"Morning Consult","Trump","1/21/24",706,3
-0.3,40,"Morning Consult","Biden","1/21/24",795,3
-0.3,43,"Morning Consult","Trump","1/21/24",795,3
-0.3,7,"Morning Consult","Kennedy","1/21/24",795,3
-0.3,1,"Morning Consult","West","1/21/24",795,3
-0.3,1,"Morning Consult","Stein","1/21/24",795,3
-0.3,45,"Morning Consult","Biden","1/21/24",795,3
-0.3,48,"Morning Consult","Trump","1/21/24",795,3
-0.3,35,"Morning Consult","Biden","1/21/24",697,3
-0.3,43,"Morning Consult","Trump","1/21/24",697,3
-0.3,10,"Morning Consult","Kennedy","1/21/24",697,3
-0.3,0,"Morning Consult","West","1/21/24",697,3
-0.3,2,"Morning Consult","Stein","1/21/24",697,3
-0.3,44,"Morning Consult","Biden","1/21/24",697,3
-0.3,49,"Morning Consult","Trump","1/21/24",697,3
-0.3,41,"Morning Consult","Biden","1/20/24",4000,3
-0.3,44,"Morning Consult","Trump","1/20/24",4000,3
-0.3,42,"Morning Consult","Biden","1/19/24",4000,3
-0.3,43,"Morning Consult","Trump","1/19/24",4000,3
-0.3,42,"Morning Consult","Biden","1/18/24",4000,3
-0.3,43,"Morning Consult","Trump","1/18/24",4000,3
-0.3,42,"Morning Consult","Biden","1/17/24",4000,3
-0.3,43,"Morning Consult","Trump","1/17/24",4000,3
-0.3,41,"Morning Consult","Biden","1/16/24",4000,3
-0.3,43,"Morning Consult","Trump","1/16/24",4000,3
-0.3,41,"Morning Consult","Biden","1/15/24",6606,3
-0.3,43,"Morning Consult","Trump","1/15/24",6606,3
-0.3,41,"Morning Consult","Biden","1/14/24",4000,3
-0.3,44,"Morning Consult","Trump","1/14/24",4000,3
-0.3,41,"Morning Consult","Biden","1/13/24",4000,3
-0.3,44,"Morning Consult","Trump","1/13/24",4000,3
-0.3,42,"Morning Consult","Biden","1/12/24",4000,3
-0.3,43,"Morning Consult","Trump","1/12/24",4000,3
-0.3,42,"Morning Consult","Biden","1/11/24",4000,3
-0.3,43,"Morning Consult","Trump","1/11/24",4000,3
-0.3,43,"Morning Consult","Biden","1/10/24",4000,3
-0.3,42,"Morning Consult","Trump","1/10/24",4000,3
-0.3,43,"Morning Consult","Biden","1/9/24",4000,3
-0.3,42,"Morning Consult","Trump","1/9/24",4000,3
-0.3,42,"Morning Consult","Biden","1/8/24",4000,3
-0.3,43,"Morning Consult","Trump","1/8/24",4000,3
-0.3,43,"Morning Consult","Biden","1/7/24",6367,3
-0.3,42,"Morning Consult","Trump","1/7/24",6367,3
-0.3,42,"Morning Consult","Biden","1/6/24",4000,3
-0.3,42,"Morning Consult","Trump","1/6/24",4000,3
-0.3,42,"Morning Consult","Biden","1/5/24",4000,3
-0.3,43,"Morning Consult","Trump","1/5/24",4000,3
-0.3,41,"Morning Consult","Biden","1/4/24",4000,3
-0.3,43,"Morning Consult","Trump","1/4/24",4000,3
-0.3,42,"Morning Consult","Biden","1/3/24",4000,3
-0.3,42,"Morning Consult","Trump","1/3/24",4000,3
-0.3,42,"Morning Consult","Biden","1/2/24",4000,3
-0.3,42,"Morning Consult","Trump","1/2/24",4000,3
-0.3,41,"Morning Consult","Biden","1/1/24",6816,3
-0.3,42,"Morning Consult","Trump","1/1/24",6816,3
-0.3,41,"Morning Consult","Biden","12/31/23",4000,3
-0.3,43,"Morning Consult","Trump","12/31/23",4000,3
-0.3,41,"Morning Consult","Biden","12/30/23",4000,3
-0.3,43,"Morning Consult","Trump","12/30/23",4000,3
-0.3,42,"Morning Consult","Biden","12/29/23",4000,3
-0.3,43,"Morning Consult","Trump","12/29/23",4000,3
-0.3,42,"Morning Consult","Biden","12/28/23",4000,3
-0.3,43,"Morning Consult","Trump","12/28/23",4000,3
-0.3,42,"Morning Consult","Biden","12/27/23",4000,3
-0.3,43,"Morning Consult","Trump","12/27/23",4000,3
-0.3,42,"Morning Consult","Biden","12/26/23",4000,3
-0.3,42,"Morning Consult","Trump","12/26/23",4000,3
-0.3,43,"Morning Consult","Biden","12/25/23",4000,3
-0.3,42,"Morning Consult","Trump","12/25/23",4000,3
-0.3,43,"Morning Consult","Biden","12/24/23",4000,3
-0.3,42,"Morning Consult","Trump","12/24/23",4000,3
-0.3,43,"Morning Consult","Biden","12/23/23",4000,3
-0.3,42,"Morning Consult","Trump","12/23/23",4000,3
-0.3,43,"Morning Consult","Biden","12/22/23",4000,3
-0.3,43,"Morning Consult","Trump","12/22/23",4000,3
-0.3,43,"Morning Consult","Biden","12/21/23",4000,3
-0.3,43,"Morning Consult","Trump","12/21/23",4000,3
-0.3,43,"Morning Consult","Biden","12/20/23",4000,3
-0.3,43,"Morning Consult","Trump","12/20/23",4000,3
-0.3,41,"Morning Consult","Biden","12/19/23",4000,3
-0.3,44,"Morning Consult","Trump","12/19/23",4000,3
-0.3,41,"Morning Consult","Biden","12/18/23",4000,3
-0.3,44,"Morning Consult","Trump","12/18/23",4000,3
-0.3,42,"Morning Consult","Biden","12/17/23",5618,3
-0.3,44,"Morning Consult","Trump","12/17/23",5618,3
-0.3,43,"Morning Consult","Biden","12/16/23",4000,3
-0.3,43,"Morning Consult","Trump","12/16/23",4000,3
-0.3,43,"Morning Consult","Biden","12/15/23",4000,3
-0.3,44,"Morning Consult","Trump","12/15/23",4000,3
-0.3,42,"Morning Consult","Biden","12/14/23",4000,3
-0.3,44,"Morning Consult","Trump","12/14/23",4000,3
-0.3,42,"Morning Consult","Biden","12/13/23",4000,3
-0.3,44,"Morning Consult","Trump","12/13/23",4000,3
-0.3,41,"Morning Consult","Biden","12/12/23",4000,3
-0.3,44,"Morning Consult","Trump","12/12/23",4000,3
-0.3,42,"Morning Consult","Biden","12/11/23",4000,3
-0.3,43,"Morning Consult","Trump","12/11/23",4000,3
-0.3,41,"Morning Consult","Biden","12/10/23",5840,3
-0.3,43,"Morning Consult","Trump","12/10/23",5840,3
-0.3,42,"Morning Consult","Biden","12/9/23",4000,3
-0.3,43,"Morning Consult","Trump","12/9/23",4000,3
-0.3,41,"Morning Consult","Biden","12/8/23",4000,3
-0.3,44,"Morning Consult","Trump","12/8/23",4000,3
-0.3,41,"Morning Consult","Biden","12/7/23",4000,3
-0.3,44,"Morning Consult","Trump","12/7/23",4000,3
-0.3,42,"Morning Consult","Biden","12/6/23",4000,3
-0.3,44,"Morning Consult","Trump","12/6/23",4000,3
-0.3,37,"Morning Consult","Biden","12/6/23",796,3
-0.3,40,"Morning Consult","Trump","12/6/23",796,3
-0.3,10,"Morning Consult","Kennedy","12/6/23",796,3
-0.3,1,"Morning Consult","West","12/6/23",796,3
-0.3,1,"Morning Consult","Stein","12/6/23",796,3
-0.3,42,"Morning Consult","Biden","12/6/23",796,3
-0.3,46,"Morning Consult","Trump","12/6/23",796,3
-0.3,37,"Morning Consult","Biden","12/6/23",801,3
-0.3,44,"Morning Consult","Trump","12/6/23",801,3
-0.3,6,"Morning Consult","Kennedy","12/6/23",801,3
-0.3,2,"Morning Consult","West","12/6/23",801,3
-0.3,1,"Morning Consult","Stein","12/6/23",801,3
-0.3,43,"Morning Consult","Biden","12/6/23",801,3
-0.3,49,"Morning Consult","Trump","12/6/23",801,3
-0.3,35,"Morning Consult","Biden","12/6/23",703,3
-0.3,39,"Morning Consult","Trump","12/6/23",703,3
-0.3,10,"Morning Consult","Kennedy","12/6/23",703,3
-0.3,2,"Morning Consult","West","12/6/23",703,3
-0.3,1,"Morning Consult","Stein","12/6/23",703,3
-0.3,42,"Morning Consult","Biden","12/6/23",703,3
-0.3,46,"Morning Consult","Trump","12/6/23",703,3
-0.3,37,"Morning Consult","Biden","12/6/23",451,3
-0.3,42,"Morning Consult","Trump","12/6/23",451,3
-0.3,11,"Morning Consult","Kennedy","12/6/23",451,3
-0.3,2,"Morning Consult","West","12/6/23",451,3
-0.3,1,"Morning Consult","Stein","12/6/23",451,3
-0.3,44,"Morning Consult","Biden","12/6/23",451,3
-0.3,47,"Morning Consult","Trump","12/6/23",451,3
-0.3,34,"Morning Consult","Biden","12/6/23",704,3
-0.3,45,"Morning Consult","Trump","12/6/23",704,3
-0.3,8,"Morning Consult","Kennedy","12/6/23",704,3
-0.3,1,"Morning Consult","West","12/6/23",704,3
-0.3,1,"Morning Consult","Stein","12/6/23",704,3
-0.3,40,"Morning Consult","Biden","12/6/23",704,3
-0.3,49,"Morning Consult","Trump","12/6/23",704,3
-0.3,38,"Morning Consult","Biden","12/6/23",799,3
-0.3,39,"Morning Consult","Trump","12/6/23",799,3
-0.3,9,"Morning Consult","Kennedy","12/6/23",799,3
-0.3,1,"Morning Consult","West","12/6/23",799,3
-0.3,1,"Morning Consult","Stein","12/6/23",799,3
-0.3,44,"Morning Consult","Biden","12/6/23",799,3
-0.3,46,"Morning Consult","Trump","12/6/23",799,3
-0.3,34,"Morning Consult","Biden","12/6/23",681,3
-0.3,40,"Morning Consult","Trump","12/6/23",681,3
-0.3,10,"Morning Consult","Kennedy","12/6/23",681,3
-0.3,1,"Morning Consult","West","12/6/23",681,3
-0.3,3,"Morning Consult","Stein","12/6/23",681,3
-0.3,41,"Morning Consult","Biden","12/6/23",681,3
-0.3,45,"Morning Consult","Trump","12/6/23",681,3
-0.3,42,"Morning Consult","Biden","12/5/23",4000,3
-0.3,43,"Morning Consult","Trump","12/5/23",4000,3
-0.3,43,"Morning Consult","Biden","12/4/23",4000,3
-0.3,43,"Morning Consult","Trump","12/4/23",4000,3
-0.3,43,"Morning Consult","Biden","12/3/23",5800,3
-0.3,43,"Morning Consult","Trump","12/3/23",5800,3
-0.3,42,"Morning Consult","Biden","12/2/23",4000,3
-0.3,44,"Morning Consult","Trump","12/2/23",4000,3
-0.3,41,"Morning Consult","Biden","12/1/23",4000,3
-0.3,44,"Morning Consult","Trump","12/1/23",4000,3
-0.3,40,"Morning Consult","Biden","11/30/23",4000,3
-0.3,44,"Morning Consult","Trump","11/30/23",4000,3
-0.3,40,"Morning Consult","Biden","11/29/23",4000,3
-0.3,43,"Morning Consult","Trump","11/29/23",4000,3
-0.3,40,"Morning Consult","Biden","11/28/23",4000,3
-0.3,43,"Morning Consult","Trump","11/28/23",4000,3
-0.3,41,"Morning Consult","Biden","11/27/23",4000,3
-0.3,43,"Morning Consult","Trump","11/27/23",4000,3
-0.3,43,"Morning Consult","Biden","11/26/23",6527,3
-0.3,42,"Morning Consult","Trump","11/26/23",6527,3
-0.3,43,"Morning Consult","Biden","11/25/23",4000,3
-0.3,41,"Morning Consult","Trump","11/25/23",4000,3
-0.3,44,"Morning Consult","Biden","11/24/23",4000,3
-0.3,42,"Morning Consult","Trump","11/24/23",4000,3
-0.3,43,"Morning Consult","Biden","11/23/23",4000,3
-0.3,42,"Morning Consult","Trump","11/23/23",4000,3
-0.3,42,"Morning Consult","Biden","11/22/23",4000,3
-0.3,43,"Morning Consult","Trump","11/22/23",4000,3
-0.3,41,"Morning Consult","Biden","11/21/23",4000,3
-0.3,44,"Morning Consult","Trump","11/21/23",4000,3
-0.3,40,"Morning Consult","Biden","11/20/23",4000,3
-0.3,44,"Morning Consult","Trump","11/20/23",4000,3
-0.3,41,"Morning Consult","Biden","11/19/23",5855,3
-0.3,44,"Morning Consult","Trump","11/19/23",5855,3
-0.3,42,"Morning Consult","Biden","11/18/23",4000,3
-0.3,43,"Morning Consult","Trump","11/18/23",4000,3
-0.3,42,"Morning Consult","Biden","11/17/23",4000,3
-0.3,42,"Morning Consult","Trump","11/17/23",4000,3
-0.3,42,"Morning Consult","Biden","11/16/23",4000,3
-0.3,42,"Morning Consult","Trump","11/16/23",4000,3
-0.3,41,"Morning Consult","Biden","11/15/23",4000,3
-0.3,43,"Morning Consult","Trump","11/15/23",4000,3
-0.3,41,"Morning Consult","Biden","11/14/23",4000,3
-0.3,43,"Morning Consult","Trump","11/14/23",4000,3
-0.3,41,"Morning Consult","Biden","11/13/23",4000,3
-0.3,43,"Morning Consult","Trump","11/13/23",4000,3
-0.3,42,"Morning Consult","Biden","11/12/23",6130,3
-0.3,43,"Morning Consult","Trump","11/12/23",6130,3
-0.3,43,"Morning Consult","Biden","11/11/23",4000,3
-0.3,42,"Morning Consult","Trump","11/11/23",4000,3
-0.3,42,"Morning Consult","Biden","11/10/23",4000,3
-0.3,43,"Morning Consult","Trump","11/10/23",4000,3
-0.3,42,"Morning Consult","Biden","11/9/23",4000,3
-0.3,42,"Morning Consult","Trump","11/9/23",4000,3
-0.3,42,"Morning Consult","Biden","11/8/23",4000,3
-0.3,43,"Morning Consult","Trump","11/8/23",4000,3
-0.3,43,"Morning Consult","Biden","11/7/23",4000,3
-0.3,42,"Morning Consult","Trump","11/7/23",4000,3
-0.3,42,"Morning Consult","Biden","11/7/23",800,3
-0.3,46,"Morning Consult","Trump","11/7/23",800,3
-0.3,36,"Morning Consult","Biden","11/7/23",800,3
-0.3,40,"Morning Consult","Trump","11/7/23",800,3
-0.3,11,"Morning Consult","Kennedy","11/7/23",800,3
-0.3,1,"Morning Consult","West","11/7/23",800,3
-0.3,41,"Morning Consult","Biden","11/7/23",803,3
-0.3,48,"Morning Consult","Trump","11/7/23",803,3
-0.3,34,"Morning Consult","Biden","11/7/23",803,3
-0.3,43,"Morning Consult","Trump","11/7/23",803,3
-0.3,10,"Morning Consult","Kennedy","11/7/23",803,3
-0.3,1,"Morning Consult","West","11/7/23",803,3
-0.3,43,"Morning Consult","Biden","11/7/23",700,3
-0.3,43,"Morning Consult","Trump","11/7/23",700,3
-0.3,38,"Morning Consult","Biden","11/7/23",700,3
-0.3,37,"Morning Consult","Trump","11/7/23",700,3
-0.3,10,"Morning Consult","Kennedy","11/7/23",700,3
-0.3,2,"Morning Consult","West","11/7/23",700,3
-0.3,43,"Morning Consult","Biden","11/7/23",437,3
-0.3,46,"Morning Consult","Trump","11/7/23",437,3
-0.3,35,"Morning Consult","Biden","11/7/23",437,3
-0.3,39,"Morning Consult","Trump","11/7/23",437,3
-0.3,11,"Morning Consult","Kennedy","11/7/23",437,3
-0.3,1,"Morning Consult","West","11/7/23",437,3
-0.3,39,"Morning Consult","Biden","11/7/23",702,3
-0.3,48,"Morning Consult","Trump","11/7/23",702,3
-0.3,33,"Morning Consult","Biden","11/7/23",702,3
-0.3,42,"Morning Consult","Trump","11/7/23",702,3
-0.3,9,"Morning Consult","Kennedy","11/7/23",702,3
-0.3,2,"Morning Consult","West","11/7/23",702,3
-0.3,44,"Morning Consult","Biden","11/7/23",805,3
-0.3,47,"Morning Consult","Trump","11/7/23",805,3
-0.3,38,"Morning Consult","Biden","11/7/23",805,3
-0.3,41,"Morning Consult","Trump","11/7/23",805,3
-0.3,8,"Morning Consult","Kennedy","11/7/23",805,3
-0.3,1,"Morning Consult","West","11/7/23",805,3
-0.3,46,"Morning Consult","Biden","11/7/23",675,3
-0.3,47,"Morning Consult","Trump","11/7/23",675,3
-0.3,36,"Morning Consult","Biden","11/7/23",675,3
-0.3,38,"Morning Consult","Trump","11/7/23",675,3
-0.3,13,"Morning Consult","Kennedy","11/7/23",675,3
-0.3,2,"Morning Consult","West","11/7/23",675,3
-0.3,42,"Morning Consult","Biden","11/6/23",4000,3
-0.3,43,"Morning Consult","Trump","11/6/23",4000,3
-0.3,42,"Morning Consult","Biden","11/5/23",6000,3
-0.3,44,"Morning Consult","Trump","11/5/23",6000,3
-0.3,41,"Morning Consult","Biden","11/5/23",6000,3
-0.3,39,"Morning Consult","DeSantis","11/5/23",6000,3
-0.3,41,"Morning Consult","Biden","11/4/23",4000,3
-0.3,44,"Morning Consult","Trump","11/4/23",4000,3
-0.3,42,"Morning Consult","Biden","11/3/23",4000,3
-0.3,44,"Morning Consult","Trump","11/3/23",4000,3
-0.3,42,"Morning Consult","Biden","11/2/23",4000,3
-0.3,43,"Morning Consult","Trump","11/2/23",4000,3
-0.3,42,"Morning Consult","Biden","11/1/23",4000,3
-0.3,43,"Morning Consult","Trump","11/1/23",4000,3
-0.3,42,"Morning Consult","Biden","10/31/23",4000,3
-0.3,43,"Morning Consult","Trump","10/31/23",4000,3
-0.3,43,"Morning Consult","Biden","10/30/23",4000,3
-0.3,43,"Morning Consult","Trump","10/30/23",4000,3
-0.3,43,"Morning Consult","Biden","10/29/23",6000,3
-0.3,43,"Morning Consult","Trump","10/29/23",6000,3
-0.3,43,"Morning Consult","Biden","10/29/23",6000,3
-0.3,39,"Morning Consult","DeSantis","10/29/23",6000,3
-0.3,43,"Morning Consult","Biden","10/28/23",4000,3
-0.3,43,"Morning Consult","Trump","10/28/23",4000,3
-0.3,43,"Morning Consult","Biden","10/27/23",4000,3
-0.3,43,"Morning Consult","Trump","10/27/23",4000,3
-0.3,43,"Morning Consult","Biden","10/26/23",4000,3
-0.3,42,"Morning Consult","Trump","10/26/23",4000,3
-0.3,43,"Morning Consult","Biden","10/25/23",4000,3
-0.3,43,"Morning Consult","Trump","10/25/23",4000,3
-0.3,43,"Morning Consult","Biden","10/24/23",4000,3
-0.3,43,"Morning Consult","Trump","10/24/23",4000,3
-0.3,42,"Morning Consult","Biden","10/23/23",4000,3
-0.3,43,"Morning Consult","Trump","10/23/23",4000,3
-0.3,43,"Morning Consult","Biden","10/22/23",5000,3
-0.3,43,"Morning Consult","Trump","10/22/23",5000,3
-0.3,43,"Morning Consult","Biden","10/22/23",5000,3
-0.3,38,"Morning Consult","DeSantis","10/22/23",5000,3
-0.3,42,"Morning Consult","Biden","10/21/23",4000,3
-0.3,43,"Morning Consult","Trump","10/21/23",4000,3
-0.3,42,"Morning Consult","Biden","10/20/23",4000,3
-0.3,42,"Morning Consult","Trump","10/20/23",4000,3
-0.3,42,"Morning Consult","Biden","10/19/23",4000,3
-0.3,42,"Morning Consult","Trump","10/19/23",4000,3
-0.3,42,"Morning Consult","Biden","10/18/23",4000,3
-0.3,43,"Morning Consult","Trump","10/18/23",4000,3
-0.3,43,"Morning Consult","Biden","10/17/23",4000,3
-0.3,42,"Morning Consult","Trump","10/17/23",4000,3
-0.3,43,"Morning Consult","Biden","10/16/23",4000,3
-0.3,41,"Morning Consult","Trump","10/16/23",4000,3
-0.3,43,"Morning Consult","Biden","10/15/23",5000,3
-0.3,41,"Morning Consult","Trump","10/15/23",5000,3
-0.3,42,"Morning Consult","Biden","10/15/23",5000,3
-0.3,39,"Morning Consult","DeSantis","10/15/23",5000,3
-0.3,43,"Morning Consult","Biden","10/14/23",4000,3
-0.3,41,"Morning Consult","Trump","10/14/23",4000,3
-0.3,43,"Morning Consult","Biden","10/13/23",4000,3
-0.3,42,"Morning Consult","Trump","10/13/23",4000,3
-0.3,42,"Morning Consult","Biden","10/12/23",4000,3
-0.3,43,"Morning Consult","Trump","10/12/23",4000,3
-0.3,42,"Morning Consult","Biden","10/11/23",4000,3
-0.3,43,"Morning Consult","Trump","10/11/23",4000,3
-0.3,42,"Morning Consult","Biden","10/10/23",4000,3
-0.3,43,"Morning Consult","Trump","10/10/23",4000,3
-0.3,43,"Morning Consult","Biden","10/10/23",804,3
-0.3,47,"Morning Consult","Trump","10/10/23",804,3
-0.3,43,"Morning Consult","Biden","10/10/23",801,3
-0.3,48,"Morning Consult","Trump","10/10/23",801,3
-0.3,44,"Morning Consult","Biden","10/10/23",706,3
-0.3,44,"Morning Consult","Trump","10/10/23",706,3
-0.3,46,"Morning Consult","Biden","10/10/23",503,3
-0.3,43,"Morning Consult","Trump","10/10/23",503,3
-0.3,43,"Morning Consult","Biden","10/10/23",702,3
-0.3,47,"Morning Consult","Trump","10/10/23",702,3
-0.3,45,"Morning Consult","Biden","10/10/23",807,3
-0.3,46,"Morning Consult","Trump","10/10/23",807,3
-0.3,44,"Morning Consult","Biden","10/10/23",700,3
-0.3,46,"Morning Consult","Trump","10/10/23",700,3
-0.3,42,"Morning Consult","Biden","10/9/23",4000,3
-0.3,43,"Morning Consult","Trump","10/9/23",4000,3
-0.3,42,"Morning Consult","Biden","10/8/23",4000,3
-0.3,43,"Morning Consult","Trump","10/8/23",4000,3
-0.3,43,"Morning Consult","Biden","10/7/23",4000,3
-0.3,42,"Morning Consult","Trump","10/7/23",4000,3
-0.3,44,"Morning Consult","Biden","10/6/23",4000,3
-0.3,42,"Morning Consult","Trump","10/6/23",4000,3
-0.3,43,"Morning Consult","Biden","10/5/23",4000,3
-0.3,41,"Morning Consult","Trump","10/5/23",4000,3
-0.3,42,"Morning Consult","Biden","10/4/23",4000,3
-0.3,42,"Morning Consult","Trump","10/4/23",4000,3
-0.3,42,"Morning Consult","Biden","10/3/23",4000,3
-0.3,43,"Morning Consult","Trump","10/3/23",4000,3
-0.3,43,"Morning Consult","Biden","10/2/23",4000,3
-0.3,42,"Morning Consult","Trump","10/2/23",4000,3
-0.3,43,"Morning Consult","Biden","10/1/23",5000,3
-0.3,43,"Morning Consult","Trump","10/1/23",5000,3
-0.3,42,"Morning Consult","Biden","10/1/23",5000,3
-0.3,39,"Morning Consult","DeSantis","10/1/23",5000,3
-0.3,43,"Morning Consult","Biden","9/30/23",4000,3
-0.3,43,"Morning Consult","Trump","9/30/23",4000,3
-0.3,41,"Morning Consult","Biden","9/29/23",4000,3
-0.3,43,"Morning Consult","Trump","9/29/23",4000,3
-0.3,42,"Morning Consult","Biden","9/28/23",4000,3
-0.3,43,"Morning Consult","Trump","9/28/23",4000,3
-0.3,42,"Morning Consult","Biden","9/27/23",4000,3
-0.3,43,"Morning Consult","Trump","9/27/23",4000,3
-0.3,43,"Morning Consult","Biden","9/26/23",4000,3
-0.3,42,"Morning Consult","Trump","9/26/23",4000,3
-0.3,43,"Morning Consult","Biden","9/25/23",4000,3
-0.3,42,"Morning Consult","Trump","9/25/23",4000,3
-0.3,43,"Morning Consult","Biden","9/24/23",6000,3
-0.3,42,"Morning Consult","Trump","9/24/23",6000,3
-0.3,42,"Morning Consult","Biden","9/24/23",6000,3
-0.3,39,"Morning Consult","DeSantis","9/24/23",6000,3
-0.3,43,"Morning Consult","Biden","9/23/23",4000,3
-0.3,42,"Morning Consult","Trump","9/23/23",4000,3
-0.3,43,"Morning Consult","Biden","9/22/23",4000,3
-0.3,42,"Morning Consult","Trump","9/22/23",4000,3
-0.3,42,"Morning Consult","Biden","9/21/23",4000,3
-0.3,42,"Morning Consult","Trump","9/21/23",4000,3
-0.3,43,"Morning Consult","Biden","9/20/23",4000,3
-0.3,42,"Morning Consult","Trump","9/20/23",4000,3
-0.3,43,"Morning Consult","Biden","9/19/23",4000,3
-0.3,43,"Morning Consult","Trump","9/19/23",4000,3
-0.3,43,"Morning Consult","Biden","9/18/23",4000,3
-0.3,43,"Morning Consult","Trump","9/18/23",4000,3
-0.3,42,"Morning Consult","Biden","9/17/23",6000,3
-0.3,43,"Morning Consult","Trump","9/17/23",6000,3
-0.3,43,"Morning Consult","Biden","9/17/23",6000,3
-0.3,39,"Morning Consult","DeSantis","9/17/23",6000,3
-0.3,42,"Morning Consult","Biden","9/16/23",4000,3
-0.3,42,"Morning Consult","Trump","9/16/23",4000,3
-0.3,42,"Morning Consult","Biden","9/15/23",4000,3
-0.3,42,"Morning Consult","Trump","9/15/23",4000,3
-0.3,42,"Morning Consult","Biden","9/14/23",4000,3
-0.3,42,"Morning Consult","Trump","9/14/23",4000,3
-0.3,42,"Morning Consult","Biden","9/13/23",4000,3
-0.3,42,"Morning Consult","Trump","9/13/23",4000,3
-0.3,43,"Morning Consult","Biden","9/12/23",4000,3
-0.3,42,"Morning Consult","Trump","9/12/23",4000,3
-0.3,43,"Morning Consult","Biden","9/11/23",4000,3
-0.3,42,"Morning Consult","Trump","9/11/23",4000,3
-0.3,44,"Morning Consult","Biden","9/10/23",6000,3
-0.3,42,"Morning Consult","Trump","9/10/23",6000,3
-0.3,43,"Morning Consult","Biden","9/10/23",6000,3
-0.3,38,"Morning Consult","DeSantis","9/10/23",6000,3
-0.3,44,"Morning Consult","Biden","9/9/23",4000,3
-0.3,42,"Morning Consult","Trump","9/9/23",4000,3
-0.3,43,"Morning Consult","Biden","9/8/23",4000,3
-0.3,42,"Morning Consult","Trump","9/8/23",4000,3
-0.3,43,"Morning Consult","Biden","9/7/23",4000,3
-0.3,42,"Morning Consult","Trump","9/7/23",4000,3
-0.3,43,"Morning Consult","Biden","9/6/23",4000,3
-0.3,42,"Morning Consult","Trump","9/6/23",4000,3
-0.3,44,"Morning Consult","Biden","9/5/23",4000,3
-0.3,41,"Morning Consult","Trump","9/5/23",4000,3
-0.3,44,"Morning Consult","Biden","9/4/23",6000,3
-0.3,41,"Morning Consult","Trump","9/4/23",6000,3
-0.3,44,"Morning Consult","Biden","9/4/23",6000,3
-0.3,39,"Morning Consult","DeSantis","9/4/23",6000,3
-0.3,44,"Morning Consult","Biden","9/3/23",4000,3
-0.3,41,"Morning Consult","Trump","9/3/23",4000,3
-0.3,44,"Morning Consult","Biden","9/2/23",4000,3
-0.3,42,"Morning Consult","Trump","9/2/23",4000,3
-0.3,43,"Morning Consult","Biden","9/1/23",4000,3
-0.3,42,"Morning Consult","Trump","9/1/23",4000,3
-0.3,43,"Morning Consult","Biden","8/31/23",4000,3
-0.3,43,"Morning Consult","Trump","8/31/23",4000,3
-0.3,44,"Morning Consult","Biden","8/30/23",4000,3
-0.3,42,"Morning Consult","Trump","8/30/23",4000,3
-0.3,43,"Morning Consult","Biden","8/29/23",4000,3
-0.3,42,"Morning Consult","Trump","8/29/23",4000,3
-0.3,44,"Morning Consult","Biden","8/28/23",4000,3
-0.3,41,"Morning Consult","Trump","8/28/23",4000,3
-0.3,43,"Morning Consult","Biden","8/27/23",5000,3
-0.3,42,"Morning Consult","Trump","8/27/23",5000,3
-0.3,43,"Morning Consult","Biden","8/27/23",5000,3
-0.3,39,"Morning Consult","DeSantis","8/27/23",5000,3
-0.3,43,"Morning Consult","Biden","8/26/23",4000,3
-0.3,42,"Morning Consult","Trump","8/26/23",4000,3
-0.3,41,"Morning Consult","Biden","8/25/23",4000,3
-0.3,43,"Morning Consult","Trump","8/25/23",4000,3
-0.3,42,"Morning Consult","Biden","8/24/23",4000,3
-0.3,42,"Morning Consult","Trump","8/24/23",4000,3
-0.3,42,"Morning Consult","Biden","8/23/23",4000,3
-0.3,42,"Morning Consult","Trump","8/23/23",4000,3
-0.3,43,"Morning Consult","Biden","8/22/23",4000,3
-0.3,41,"Morning Consult","Trump","8/22/23",4000,3
-0.3,43,"Morning Consult","Biden","8/21/23",4000,3
-0.3,41,"Morning Consult","Trump","8/21/23",4000,3
-0.3,44,"Morning Consult","Biden","8/20/23",5000,3
-0.3,41,"Morning Consult","Trump","8/20/23",5000,3
-0.3,43,"Morning Consult","Biden","8/20/23",5000,3
-0.3,37,"Morning Consult","DeSantis","8/20/23",5000,3
-0.3,43,"Morning Consult","Biden","8/19/23",4000,3
-0.3,41,"Morning Consult","Trump","8/19/23",4000,3
-0.3,44,"Morning Consult","Biden","8/18/23",4000,3
-0.3,41,"Morning Consult","Trump","8/18/23",4000,3
-0.3,44,"Morning Consult","Biden","8/17/23",4000,3
-0.3,40,"Morning Consult","Trump","8/17/23",4000,3
-0.3,45,"Morning Consult","Biden","8/16/23",4000,3
-0.3,40,"Morning Consult","Trump","8/16/23",4000,3
-0.3,44,"Morning Consult","Biden","8/15/23",4000,3
-0.3,40,"Morning Consult","Trump","8/15/23",4000,3
-0.3,44,"Morning Consult","Biden","8/14/23",4000,3
-0.3,41,"Morning Consult","Trump","8/14/23",4000,3
-0.3,43,"Morning Consult","Biden","8/13/23",6000,3
-0.3,41,"Morning Consult","Trump","8/13/23",6000,3
-0.3,43,"Morning Consult","Biden","8/13/23",6000,3
-0.3,37,"Morning Consult","DeSantis","8/13/23",6000,3
-0.3,44,"Morning Consult","Biden","8/12/23",4000,3
-0.3,42,"Morning Consult","Trump","8/12/23",4000,3
-0.3,44,"Morning Consult","Biden","8/11/23",4000,3
-0.3,42,"Morning Consult","Trump","8/11/23",4000,3
-0.3,44,"Morning Consult","Biden","8/10/23",4000,3
-0.3,42,"Morning Consult","Trump","8/10/23",4000,3
-0.3,44,"Morning Consult","Biden","8/9/23",4000,3
-0.3,41,"Morning Consult","Trump","8/9/23",4000,3
-0.3,43,"Morning Consult","Biden","8/8/23",4000,3
-0.3,41,"Morning Consult","Trump","8/8/23",4000,3
-0.3,43,"Morning Consult","Biden","8/7/23",4000,3
-0.3,41,"Morning Consult","Trump","8/7/23",4000,3
